vehicle_id,timestamp,engine_temperature,battery_voltage,vibration,brake_temperature,speed,mileage,fault_code,maintenance_required
VH002,2026-09-08 09:00:00,107.52,11.9,3.01,87.31,50,33076,F000,Yes
VH003,2026-09-08 09:05:00,103.67,11.74,4.7,72.66,57,95784,F001,Yes
VH005,2026-09-08 09:10:00,106.75,11.5,4.05,91.0,99,31791,F001,Yes
VH001,2026-09-08 09:15:00,92.06,11.96,6.02,67.53,98,23477,F001,No
VH002,2026-09-08 09:20:00,96.11,11.76,4.08,88.42,41,80012,F002,No
VH005,2026-09-08 09:25:00,108.62,12.99,1.33,97.27,69,54895,F002,No
VH005,2026-09-08 09:30:00,104.97,12.62,1.61,109.94,82,81493,F001,Yes
VH003,2026-09-08 09:35:00,83.16,11.53,6.2,110.75,41,89737,F000,Yes
VH003,2026-09-08 09:40:00,95.83,12.82,3.92,102.33,44,14272,F000,No
VH005,2026-09-08 09:45:00,96.09,12.57,2.21,107.56,59,36045,F000,No
VH003,2026-09-08 09:50:00,92.55,11.8,3.14,91.66,22,40243,F000,No
VH005,2026-09-08 09:55:00,91.65,12.5,2.03,74.74,53,84385,F001,No
VH001,2026-09-08 10:00:00,100.96,12.58,2.23,110.04,91,55568,F002,Yes
VH001,2026-09-08 10:05:00,98.94,12.11,2.95,98.88,40,40777,F002,No
VH001,2026-09-08 10:10:00,103.79,11.87,3.1,99.09,80,79667,F001,Yes
VH001,2026-09-08 10:15:00,86.14,12.01,2.48,86.66,52,54387,F000,No
VH003,2026-09-08 10:20:00,88.15,12.66,3.72,63.49,94,78495,F002,No
VH001,2026-09-08 10:25:00,84.43,12.45,7.58,94.78,33,91301,F002,No
VH003,2026-09-08 10:30:00,87.57,12.78,6.77,98.02,85,63008,F001,No
VH004,2026-09-08 10:35:00,84.38,12.51,3.49,116.04,94,63556,F002,No
VH003,2026-09-08 10:40:00,103.62,11.63,5.72,79.14,39,47438,F001,Yes
VH003,2026-09-08 10:45:00,109.76,12.71,5.04,92.5,70,29581,F000,No
VH004,2026-09-08 10:50:00,85.69,11.81,1.37,109.9,53,26180,F000,Yes
VH001,2026-09-08 10:55:00,82.57,11.78,7.8,62.26,82,60786,F001,Yes
VH004,2026-09-08 11:00:00,103.78,12.28,8.64,66.86,87,91570,F002,Yes
VH005,2026-09-08 11:05:00,106.2,12.18,4.48,77.11,54,72053,F002,No
VH002,2026-09-08 11:10:00,104.29,12.98,6.61,83.85,63,83258,F001,No
VH003,2026-09-08 11:15:00,85.58,11.96,4.62,70.02,31,32692,F002,No
VH005,2026-09-08 11:20:00,104.79,12.37,7.87,100.78,38,96397,F000,Yes
VH005,2026-09-08 11:25:00,92.15,11.74,3.28,109.52,84,63106,F001,Yes
VH005,2026-09-08 11:30:00,99.45,12.46,1.15,103.16,98,57292,F000,No
VH005,2026-09-08 11:35:00,89.37,11.96,8.16,91.84,61,22139,F001,Yes
VH005,2026-09-08 11:40:00,83.53,11.76,5.32,114.09,95,13542,F001,Yes
VH002,2026-09-08 11:45:00,101.38,11.7,6.55,76.37,29,95414,F000,Yes
VH005,2026-09-08 11:50:00,101.87,12.99,7.34,105.11,20,86664,F000,Yes
VH005,2026-09-08 11:55:00,83.0,12.16,8.6,75.77,71,68221,F000,No
VH003,2026-09-08 12:00:00,103.05,12.0,6.27,107.16,65,91499,F001,Yes
VH001,2026-09-08 12:05:00,101.83,11.78,4.11,115.04,99,26943,F000,Yes
VH003,2026-09-08 12:10:00,82.71,12.92,6.21,107.68,87,37263,F002,No
VH001,2026-09-08 12:15:00,86.37,12.81,2.67,70.68,56,84996,F000,No
VH004,2026-09-08 12:20:00,81.54,11.91,3.72,108.79,33,55990,F000,Yes
VH005,2026-09-08 12:25:00,97.54,12.59,6.49,94.74,37,79419,F000,No
VH001,2026-09-08 12:30:00,90.09,12.57,8.51,114.73,63,80213,F001,Yes
VH003,2026-09-08 12:35:00,83.32,12.05,1.75,87.99,96,59611,F001,No
VH005,2026-09-08 12:40:00,96.97,12.14,3.68,89.82,96,32100,F000,No
VH002,2026-09-08 12:45:00,98.59,12.11,7.3,97.45,62,72746,F002,No
VH005,2026-09-08 12:50:00,84.6,12.06,5.84,65.23,29,75374,F002,No
VH001,2026-09-08 12:55:00,97.68,12.43,3.92,75.67,28,60183,F002,No
VH002,2026-09-08 13:00:00,92.85,12.14,4.52,108.27,24,78706,F000,No
VH004,2026-09-08 13:05:00,86.13,12.09,7.52,78.67,24,24321,F000,No
VH001,2026-09-08 13:10:00,90.7,12.46,5.75,64.87,77,47003,F001,No
VH004,2026-09-08 13:15:00,85.76,12.91,5.22,82.52,72,57250,F002,No
VH002,2026-09-08 13:20:00,109.95,11.73,3.56,109.75,89,74588,F001,Yes
VH005,2026-09-08 13:25:00,106.13,12.74,3.94,85.09,26,81384,F001,No
VH002,2026-09-08 13:30:00,83.93,12.41,4.86,116.68,61,89684,F000,No
VH003,2026-09-08 13:35:00,104.84,11.87,5.98,70.44,94,80216,F002,Yes
VH005,2026-09-08 13:40:00,87.97,11.69,5.35,80.72,83,14176,F002,No
VH004,2026-09-08 13:45:00,96.33,12.53,2.0,119.04,45,25160,F000,No
VH001,2026-09-08 13:50:00,92.74,12.58,8.31,101.34,86,14790,F001,Yes
VH001,2026-09-08 13:55:00,86.27,12.94,7.17,93.65,96,79129,F002,No
VH003,2026-09-08 14:00:00,97.1,11.88,7.35,66.03,50,35567,F000,Yes
VH005,2026-09-08 14:05:00,105.15,12.49,3.51,93.9,80,15890,F001,No
VH002,2026-09-08 14:10:00,90.67,12.9,7.08,106.36,65,28607,F000,Yes
VH002,2026-09-08 14:15:00,103.33,11.54,8.73,95.44,61,76936,F002,Yes
VH001,2026-09-08 14:20:00,92.85,12.2,2.99,84.09,38,75724,F002,No
VH003,2026-09-08 14:25:00,91.45,11.56,3.11,88.76,88,79580,F001,No
VH002,2026-09-08 14:30:00,86.59,11.75,3.36,76.66,75,28755,F002,No
VH001,2026-09-08 14:35:00,88.02,12.46,8.96,114.02,67,41521,F001,Yes
VH001,2026-09-08 14:40:00,97.08,12.11,1.65,93.44,54,14820,F000,No
VH003,2026-09-08 14:45:00,101.3,12.73,6.67,91.96,22,70213,F001,No
VH004,2026-09-08 14:50:00,80.63,12.53,4.93,84.98,29,60303,F000,No
VH002,2026-09-08 14:55:00,87.84,11.99,4.29,116.43,71,99976,F002,Yes
VH003,2026-09-08 15:00:00,108.99,11.8,3.26,92.98,48,48912,F001,Yes
VH005,2026-09-08 15:05:00,90.83,12.38,8.67,106.43,80,75478,F002,Yes
VH002,2026-09-08 15:10:00,85.39,12.13,4.06,104.34,33,27452,F002,No
VH005,2026-09-08 15:15:00,105.43,12.31,5.38,92.3,43,10338,F001,No
VH005,2026-09-08 15:20:00,102.26,11.88,5.73,93.73,90,19819,F000,Yes
VH004,2026-09-08 15:25:00,97.16,12.22,2.51,107.17,71,66483,F000,No
VH001,2026-09-08 15:30:00,81.96,11.59,8.62,113.57,92,84512,F001,Yes
VH005,2026-09-08 15:35:00,101.15,12.47,4.52,79.09,51,62130,F000,No
VH004,2026-09-08 15:40:00,104.61,12.42,7.72,73.83,86,84341,F000,Yes
VH001,2026-09-08 15:45:00,98.51,12.61,7.83,78.8,90,34896,F000,No
VH003,2026-09-08 15:50:00,91.05,12.55,4.55,102.27,88,46593,F001,No
VH002,2026-09-08 15:55:00,108.71,11.72,6.88,115.71,77,95835,F002,Yes
VH001,2026-09-08 16:00:00,101.12,12.48,3.84,82.48,23,34611,F002,No
VH001,2026-09-08 16:05:00,83.33,12.8,5.49,97.08,82,97289,F001,No
VH003,2026-09-08 16:10:00,92.05,12.04,3.49,106.22,27,27615,F001,No
VH001,2026-09-08 16:15:00,109.31,12.03,1.63,112.86,45,70674,F000,Yes
VH003,2026-09-08 16:20:00,102.15,12.97,3.01,69.05,66,56432,F001,No
VH003,2026-09-08 16:25:00,100.13,12.35,2.11,88.69,77,96862,F000,No
VH004,2026-09-08 16:30:00,104.21,11.69,7.98,69.81,25,27476,F000,Yes
VH004,2026-09-08 16:35:00,89.14,12.26,2.72,78.01,29,97078,F001,No
VH001,2026-09-08 16:40:00,85.37,12.48,7.85,62.87,22,65558,F001,No
VH003,2026-09-08 16:45:00,93.27,12.02,3.74,109.52,73,36154,F002,No
VH005,2026-09-08 16:50:00,81.56,12.74,8.13,79.41,67,82259,F000,No
VH002,2026-09-08 16:55:00,100.26,12.8,7.94,86.37,23,79365,F000,Yes
VH004,2026-09-08 17:00:00,104.75,12.1,7.34,92.12,39,98366,F001,Yes
VH005,2026-09-08 17:05:00,90.64,12.34,1.46,71.2,81,87956,F002,No
VH003,2026-09-08 17:10:00,86.88,12.34,2.83,112.03,36,21620,F002,No
VH001,2026-09-08 17:15:00,81.71,12.61,1.14,109.49,82,98330,F002,No
VH004,2026-09-08 17:20:00,84.76,12.59,8.02,80.41,34,58152,F000,No
VH004,2026-09-08 17:25:00,106.83,12.44,2.59,67.56,90,68476,F000,No
VH002,2026-09-08 17:30:00,91.61,12.19,7.06,86.19,79,66700,F000,No
VH001,2026-09-08 17:35:00,92.31,11.93,7.45,64.22,61,29887,F002,Yes
VH004,2026-09-08 17:40:00,99.7,11.54,1.89,83.42,63,33018,F002,No
VH004,2026-09-08 17:45:00,105.06,12.5,6.51,63.6,66,98718,F001,No
VH005,2026-09-08 17:50:00,92.87,12.54,4.7,75.55,52,41296,F000,No
VH002,2026-09-08 17:55:00,99.26,12.0,2.54,117.87,86,35844,F000,No
VH002,2026-09-08 18:00:00,101.34,12.64,8.14,62.92,81,40916,F000,Yes
VH002,2026-09-08 18:05:00,85.8,12.87,5.26,117.26,42,29901,F000,No
VH005,2026-09-08 18:10:00,108.33,12.94,1.04,118.76,75,70930,F000,Yes
VH002,2026-09-08 18:15:00,103.67,12.02,7.06,105.27,30,99961,F002,Yes
VH002,2026-09-08 18:20:00,80.69,11.57,5.29,69.44,93,14870,F000,No
VH003,2026-09-08 18:25:00,99.85,12.77,3.29,85.51,65,23496,F000,No
VH002,2026-09-08 18:30:00,94.95,12.35,3.97,104.14,35,41131,F000,No
VH003,2026-09-08 18:35:00,100.79,12.63,4.23,70.85,93,70392,F000,No
VH005,2026-09-08 18:40:00,99.79,11.5,1.66,75.02,50,52107,F002,No
VH002,2026-09-08 18:45:00,86.4,12.36,8.2,112.38,23,32245,F001,Yes
VH001,2026-09-08 18:50:00,81.24,12.31,3.07,85.03,26,60687,F001,No
VH001,2026-09-08 18:55:00,85.46,11.98,3.78,89.17,25,87604,F002,No
VH004,2026-09-08 19:00:00,90.07,12.13,3.86,84.48,35,21097,F002,No
VH003,2026-09-08 19:05:00,83.46,12.08,2.07,62.56,91,61638,F001,No
VH004,2026-09-08 19:10:00,103.5,12.26,4.38,64.9,61,16731,F002,No
VH005,2026-09-08 19:15:00,83.17,11.83,2.97,63.17,38,76581,F000,No
VH002,2026-09-08 19:20:00,104.44,12.94,4.95,106.46,55,53667,F000,Yes
VH005,2026-09-08 19:25:00,95.63,11.54,4.73,118.93,93,38941,F000,Yes
VH004,2026-09-08 19:30:00,106.57,12.74,7.55,107.84,69,93869,F002,Yes
VH003,2026-09-08 19:35:00,105.03,12.79,4.75,87.34,21,94129,F001,No
VH005,2026-09-08 19:40:00,80.81,11.69,8.04,114.93,95,32864,F000,Yes
VH002,2026-09-08 19:45:00,98.78,11.86,8.99,101.45,53,15057,F001,Yes
VH003,2026-09-08 19:50:00,85.59,12.88,2.21,113.42,87,77048,F000,No
VH004,2026-09-08 19:55:00,87.24,12.53,5.12,94.69,38,40268,F002,No
VH002,2026-09-08 20:00:00,88.36,12.5,4.29,79.95,26,17970,F000,No
VH004,2026-09-08 20:05:00,92.87,12.6,1.15,107.89,35,21522,F002,No
VH001,2026-09-08 20:10:00,109.61,12.57,2.72,87.12,89,55414,F002,No
VH001,2026-09-08 20:15:00,83.55,12.62,2.44,85.23,63,17868,F001,No
VH005,2026-09-08 20:20:00,82.28,12.68,3.26,97.11,52,59717,F001,No
VH001,2026-09-08 20:25:00,95.81,11.56,6.59,77.99,34,97538,F002,No
VH005,2026-09-08 20:30:00,80.27,12.53,2.48,66.39,82,17833,F002,No
VH001,2026-09-08 20:35:00,87.58,11.57,8.25,75.68,64,98872,F001,Yes
VH004,2026-09-08 20:40:00,91.32,12.59,6.97,102.96,27,77250,F001,No
VH004,2026-09-08 20:45:00,99.74,11.61,6.3,94.76,56,33849,F001,No
VH005,2026-09-08 20:50:00,89.95,11.75,2.26,68.37,90,75185,F001,No
VH002,2026-09-08 20:55:00,108.33,12.74,6.06,76.57,75,12104,F000,No
VH001,2026-09-08 21:00:00,109.49,12.12,3.52,82.32,85,43996,F000,No
VH002,2026-09-08 21:05:00,87.17,12.0,7.57,63.14,52,56399,F000,No
VH004,2026-09-08 21:10:00,94.18,12.36,6.31,91.64,92,24968,F000,No
VH001,2026-09-08 21:15:00,86.2,12.52,5.59,94.8,31,84617,F000,No
VH001,2026-09-08 21:20:00,81.0,11.78,5.05,96.26,71,26571,F001,No
VH003,2026-09-08 21:25:00,92.15,11.96,7.55,77.9,65,60593,F000,Yes
VH001,2026-09-08 21:30:00,93.86,12.06,7.98,69.46,41,68412,F001,No
VH005,2026-09-08 21:35:00,93.43,12.86,7.51,109.24,42,92349,F000,Yes
VH005,2026-09-08 21:40:00,101.17,12.82,3.62,101.82,47,60780,F000,Yes
VH004,2026-09-08 21:45:00,106.74,12.86,7.23,90.76,49,83086,F000,Yes
VH005,2026-09-08 21:50:00,94.75,12.7,3.46,64.36,52,76713,F001,No
VH004,2026-09-08 21:55:00,83.75,12.3,3.87,116.27,64,68523,F001,No
VH001,2026-09-08 22:00:00,98.73,12.13,7.16,98.35,59,87298,F002,No
VH001,2026-09-08 22:05:00,82.41,12.35,1.63,116.81,31,66944,F002,No
VH001,2026-09-08 22:10:00,103.01,12.74,1.3,66.93,34,81650,F001,No
VH002,2026-09-08 22:15:00,103.91,11.84,8.0,65.5,94,96650,F001,Yes
VH005,2026-09-08 22:20:00,81.01,11.88,2.56,112.45,32,78145,F002,Yes
VH004,2026-09-08 22:25:00,102.08,12.88,2.0,95.38,79,48386,F002,No
VH003,2026-09-08 22:30:00,84.33,11.51,3.25,60.11,88,28880,F000,No
VH001,2026-09-08 22:35:00,106.04,12.12,8.04,100.09,36,72179,F000,Yes
VH003,2026-09-08 22:40:00,103.32,11.67,5.49,96.61,48,52440,F000,Yes
VH005,2026-09-08 22:45:00,93.53,12.27,6.98,111.94,95,96176,F002,No
VH002,2026-09-08 22:50:00,104.75,12.07,2.45,103.04,85,94430,F000,Yes
VH002,2026-09-08 22:55:00,85.59,11.79,5.19,68.31,50,83426,F001,No
VH002,2026-09-08 23:00:00,99.29,12.61,7.49,67.36,29,82141,F000,No
VH003,2026-09-08 23:05:00,80.7,12.68,6.03,118.07,81,92535,F001,No
VH003,2026-09-08 23:10:00,105.49,12.94,8.0,114.89,83,33493,F000,Yes
VH002,2026-09-08 23:15:00,104.58,12.59,2.06,97.06,73,11359,F000,No
VH003,2026-09-08 23:20:00,106.35,11.63,5.5,83.13,47,49152,F001,Yes
VH002,2026-09-08 23:25:00,87.52,12.66,6.85,66.14,40,57633,F001,No
VH004,2026-09-08 23:30:00,82.87,11.68,5.6,62.19,67,42570,F000,No
VH003,2026-09-08 23:35:00,93.03,11.88,4.28,78.6,48,54842,F001,No
VH004,2026-09-08 23:40:00,86.62,12.25,3.4,81.33,32,15566,F002,No
VH002,2026-09-08 23:45:00,85.11,12.62,1.84,81.34,71,64397,F000,No
VH003,2026-09-08 23:50:00,80.09,12.84,2.02,69.88,68,96628,F001,No
VH003,2026-09-08 23:55:00,109.85,12.85,7.55,91.4,76,80221,F000,Yes
VH004,2026-09-09 00:00:00,107.71,12.45,5.11,113.32,59,64939,F002,Yes
VH001,2026-09-09 00:05:00,89.15,12.99,6.47,89.09,42,10277,F001,No
VH004,2026-09-09 00:10:00,107.37,11.96,8.17,87.53,61,92617,F000,Yes
VH004,2026-09-09 00:15:00,96.01,11.82,8.77,112.88,75,82938,F002,Yes
VH002,2026-09-09 00:20:00,97.91,12.07,6.31,102.91,69,63125,F000,No
VH005,2026-09-09 00:25:00,84.03,12.1,6.7,72.71,39,63322,F000,No
VH002,2026-09-09 00:30:00,96.81,11.63,6.96,80.8,30,83623,F000,No
VH002,2026-09-09 00:35:00,87.4,11.88,2.87,115.66,57,37214,F001,Yes
VH005,2026-09-09 00:40:00,94.8,12.96,3.76,81.13,87,90154,F001,No
VH004,2026-09-09 00:45:00,90.51,11.81,7.72,102.54,44,34378,F002,Yes
VH004,2026-09-09 00:50:00,102.5,11.51,8.54,70.33,92,38550,F000,Yes
VH005,2026-09-09 00:55:00,98.36,11.58,2.29,60.9,29,77210,F002,No
VH002,2026-09-09 01:00:00,89.36,11.64,2.22,79.63,91,62440,F002,No
VH001,2026-09-09 01:05:00,85.29,12.86,3.59,81.26,71,17731,F000,No
VH002,2026-09-09 01:10:00,109.8,11.83,8.9,104.81,96,29192,F002,Yes
VH001,2026-09-09 01:15:00,88.93,12.19,7.5,106.29,20,74006,F000,Yes
VH002,2026-09-09 01:20:00,83.0,12.84,6.16,73.87,27,44390,F002,No
VH003,2026-09-09 01:25:00,101.46,12.58,6.67,119.76,91,22782,F001,Yes
VH002,2026-09-09 01:30:00,103.26,12.5,1.12,71.62,24,43864,F000,No
VH002,2026-09-09 01:35:00,91.82,12.68,7.28,90.09,62,61868,F002,No
VH005,2026-09-09 01:40:00,100.36,11.64,3.69,77.8,46,89837,F002,Yes
VH001,2026-09-09 01:45:00,108.01,12.04,1.72,118.53,65,41807,F002,Yes
VH005,2026-09-09 01:50:00,106.96,11.95,1.14,97.13,39,45630,F002,Yes
VH002,2026-09-09 01:55:00,106.09,12.49,4.38,109.6,79,33147,F000,Yes
VH004,2026-09-09 02:00:00,99.88,11.69,6.99,72.38,47,83419,F002,No
VH002,2026-09-09 02:05:00,97.44,12.56,5.14,77.94,27,20824,F002,No
VH002,2026-09-09 02:10:00,86.32,12.63,5.74,97.8,57,29815,F001,No
VH004,2026-09-09 02:15:00,101.58,11.97,6.3,87.97,88,66306,F001,Yes
VH005,2026-09-09 02:20:00,87.41,12.29,8.6,101.44,47,39203,F001,Yes
VH004,2026-09-09 02:25:00,98.82,12.49,4.9,85.26,34,70826,F002,No
VH005,2026-09-09 02:30:00,85.36,12.13,4.52,60.92,75,20646,F001,No
VH003,2026-09-09 02:35:00,99.18,11.54,2.39,98.45,87,99221,F001,No
VH001,2026-09-09 02:40:00,106.86,12.71,2.7,117.22,70,59985,F001,Yes
VH005,2026-09-09 02:45:00,109.7,12.87,7.26,100.21,90,93024,F002,Yes
VH003,2026-09-09 02:50:00,105.91,11.9,1.3,106.61,72,29349,F000,Yes
VH004,2026-09-09 02:55:00,94.84,12.38,8.78,77.86,70,33465,F000,No
VH005,2026-09-09 03:00:00,96.94,11.74,1.15,116.34,59,48963,F000,Yes
VH001,2026-09-09 03:05:00,101.93,11.79,2.25,103.03,61,59492,F001,Yes
VH005,2026-09-09 03:10:00,97.0,12.34,6.9,79.28,45,48355,F001,No
VH004,2026-09-09 03:15:00,94.21,12.17,6.64,117.71,59,15897,F000,No
VH002,2026-09-09 03:20:00,104.79,11.55,8.45,104.93,68,68345,F002,Yes
VH003,2026-09-09 03:25:00,84.2,11.91,6.92,77.19,52,31144,F001,No
VH003,2026-09-09 03:30:00,100.73,11.98,4.84,79.26,97,10036,F002,Yes
VH005,2026-09-09 03:35:00,102.13,12.39,7.67,80.38,92,95761,F002,Yes
VH003,2026-09-09 03:40:00,97.78,11.73,1.33,90.44,26,51430,F000,No
VH001,2026-09-09 03:45:00,107.62,12.37,7.96,105.94,94,68033,F001,Yes
VH003,2026-09-09 03:50:00,106.89,12.44,8.54,107.76,63,41388,F000,Yes
VH001,2026-09-09 03:55:00,85.42,12.0,6.37,102.68,43,63258,F001,No
VH005,2026-09-09 04:00:00,105.24,12.93,8.32,89.11,70,74872,F000,Yes
VH003,2026-09-09 04:05:00,105.2,11.8,7.56,104.61,74,98274,F000,Yes
VH005,2026-09-09 04:10:00,81.6,11.74,3.76,60.17,86,42018,F002,No
VH001,2026-09-09 04:15:00,103.16,12.15,8.56,79.41,98,43082,F002,Yes
VH001,2026-09-09 04:20:00,104.62,12.57,5.18,114.58,100,64905,F000,Yes
VH002,2026-09-09 04:25:00,83.19,12.57,7.53,68.37,88,94199,F002,No
VH004,2026-09-09 04:30:00,94.77,12.07,6.64,74.63,61,12806,F000,No
VH005,2026-09-09 04:35:00,97.38,11.86,7.56,66.86,71,51884,F002,Yes
VH003,2026-09-09 04:40:00,107.22,11.71,3.59,93.42,75,29771,F001,Yes
VH001,2026-09-09 04:45:00,96.51,11.85,6.61,63.1,38,27940,F000,No
VH003,2026-09-09 04:50:00,104.49,12.71,6.29,99.7,42,29141,F000,No
VH004,2026-09-09 04:55:00,87.28,11.89,6.94,117.23,90,27182,F001,Yes
VH004,2026-09-09 05:00:00,84.34,12.93,3.26,108.12,44,27345,F002,No
VH002,2026-09-09 05:05:00,98.52,12.88,4.76,71.63,34,51050,F000,No
VH003,2026-09-09 05:10:00,99.21,12.35,7.4,68.84,28,29458,F001,No
VH001,2026-09-09 05:15:00,109.15,11.67,7.15,96.74,74,64828,F001,Yes
VH004,2026-09-09 05:20:00,101.09,11.61,5.26,61.42,58,17392,F000,Yes
VH003,2026-09-09 05:25:00,103.74,11.73,1.28,101.56,74,30930,F001,Yes
VH002,2026-09-09 05:30:00,91.8,12.0,8.1,111.54,25,11896,F002,Yes
VH003,2026-09-09 05:35:00,102.63,12.54,1.09,97.54,28,20480,F000,No
VH004,2026-09-09 05:40:00,80.95,12.69,6.0,116.34,53,58043,F002,No
VH001,2026-09-09 05:45:00,107.42,11.64,5.89,93.95,44,70402,F002,Yes
VH004,2026-09-09 05:50:00,99.57,12.57,4.39,77.53,87,92309,F002,No
VH005,2026-09-09 05:55:00,85.67,12.35,4.97,118.15,91,84483,F002,No
VH004,2026-09-09 06:00:00,103.1,12.74,6.97,103.39,49,23658,F002,Yes
VH005,2026-09-09 06:05:00,101.94,12.21,6.46,99.3,81,17044,F000,No
VH001,2026-09-09 06:10:00,84.73,12.22,1.38,102.42,79,77173,F001,No
VH003,2026-09-09 06:15:00,89.59,12.8,7.4,109.28,97,55146,F000,Yes
VH001,2026-09-09 06:20:00,100.08,12.18,2.54,63.77,83,80269,F002,No
VH004,2026-09-09 06:25:00,95.51,11.92,1.31,98.31,90,94817,F000,No
VH003,2026-09-09 06:30:00,82.66,12.89,1.17,104.46,23,73981,F002,No
VH003,2026-09-09 06:35:00,95.19,12.73,1.55,65.88,80,83871,F002,No
VH001,2026-09-09 06:40:00,98.8,11.51,6.64,78.77,60,58876,F002,No
VH005,2026-09-09 06:45:00,108.87,12.26,1.37,76.69,48,24670,F000,No
VH005,2026-09-09 06:50:00,107.84,12.25,5.43,94.76,64,27604,F002,No
VH001,2026-09-09 06:55:00,108.52,12.11,7.41,96.04,52,70430,F000,Yes
VH001,2026-09-09 07:00:00,109.73,12.58,2.51,89.92,44,91871,F001,No
VH003,2026-09-09 07:05:00,103.62,12.57,2.68,64.59,74,81952,F002,No
VH001,2026-09-09 07:10:00,95.72,11.65,7.58,65.72,78,13702,F002,Yes
VH004,2026-09-09 07:15:00,94.73,12.91,5.87,100.99,48,43498,F000,No
VH002,2026-09-09 07:20:00,108.08,11.85,2.29,87.83,59,27274,F000,Yes
VH002,2026-09-09 07:25:00,105.12,11.89,3.3,114.31,68,47073,F001,Yes
VH002,2026-09-09 07:30:00,105.01,12.41,3.98,118.5,65,35934,F002,Yes
VH003,2026-09-09 07:35:00,81.81,12.86,2.16,91.27,26,46841,F001,No
VH002,2026-09-09 07:40:00,103.58,12.9,2.09,112.36,84,13868,F002,Yes
VH002,2026-09-09 07:45:00,91.31,11.57,8.94,112.72,85,72347,F002,Yes
VH001,2026-09-09 07:50:00,100.18,12.56,5.78,62.67,76,43920,F002,No
VH001,2026-09-09 07:55:00,88.28,11.72,8.37,88.99,44,26513,F001,Yes
VH005,2026-09-09 08:00:00,87.34,11.55,2.34,92.3,38,28895,F002,No
VH005,2026-09-09 08:05:00,88.87,12.45,3.52,86.14,91,63877,F002,No
VH001,2026-09-09 08:10:00,91.22,12.75,7.91,72.46,22,81581,F001,No
VH003,2026-09-09 08:15:00,91.08,12.12,1.36,112.52,79,35187,F002,No
VH004,2026-09-09 08:20:00,86.19,12.19,8.42,73.78,48,75040,F002,No
VH001,2026-09-09 08:25:00,82.82,12.62,4.4,72.17,99,60167,F001,No
VH001,2026-09-09 08:30:00,82.4,12.64,1.2,109.33,47,42164,F002,No
VH003,2026-09-09 08:35:00,88.19,12.89,1.38,79.92,72,82570,F000,No
VH004,2026-09-09 08:40:00,109.24,11.59,4.91,64.41,30,65580,F000,Yes
VH003,2026-09-09 08:45:00,97.6,11.98,5.26,99.98,61,75187,F002,No
VH003,2026-09-09 08:50:00,95.91,11.84,1.88,92.8,78,53336,F001,No
VH001,2026-09-09 08:55:00,99.79,12.65,4.79,66.38,52,44191,F001,No
VH005,2026-09-09 09:00:00,93.01,12.71,1.98,66.57,29,32934,F002,No
VH005,2026-09-09 09:05:00,83.34,11.82,4.08,118.22,56,18501,F002,Yes
VH001,2026-09-09 09:10:00,90.09,11.8,7.82,73.81,78,12298,F000,Yes
VH005,2026-09-09 09:15:00,104.54,12.62,1.9,86.94,47,63344,F000,No
VH001,2026-09-09 09:20:00,100.32,11.83,2.37,68.31,43,71644,F000,Yes
VH004,2026-09-09 09:25:00,85.4,12.39,4.01,93.86,95,89915,F000,No
VH005,2026-09-09 09:30:00,108.15,12.46,7.72,93.21,91,25395,F001,Yes
VH005,2026-09-09 09:35:00,98.4,11.87,3.68,97.2,53,77881,F002,No
VH002,2026-09-09 09:40:00,92.11,12.68,1.8,101.7,58,93910,F000,No
VH004,2026-09-09 09:45:00,105.04,11.68,6.92,62.3,54,57850,F001,Yes
VH002,2026-09-09 09:50:00,91.42,12.53,6.75,113.88,43,41030,F001,No
VH004,2026-09-09 09:55:00,99.16,12.03,6.26,102.28,34,77340,F002,No
VH001,2026-09-09 10:00:00,94.89,11.91,3.3,106.02,48,14003,F002,Yes
VH005,2026-09-09 10:05:00,106.99,12.26,2.01,111.5,91,23519,F000,Yes
VH003,2026-09-09 10:10:00,99.15,12.99,7.43,96.28,90,63344,F000,No
VH001,2026-09-09 10:15:00,104.77,11.96,8.92,62.19,98,32738,F001,Yes
VH003,2026-09-09 10:20:00,85.21,12.59,4.51,69.05,83,44178,F001,No
VH005,2026-09-09 10:25:00,91.3,12.07,6.61,119.15,83,78641,F000,No
VH002,2026-09-09 10:30:00,88.43,12.17,8.42,118.62,51,18856,F001,Yes
VH004,2026-09-09 10:35:00,102.21,12.35,6.75,102.34,29,82569,F001,Yes
VH003,2026-09-09 10:40:00,81.95,12.16,8.1,116.42,48,35958,F002,Yes
VH001,2026-09-09 10:45:00,96.29,11.73,3.36,66.34,42,46648,F000,No
VH003,2026-09-09 10:50:00,81.91,12.03,4.33,70.46,56,49151,F001,No
VH002,2026-09-09 10:55:00,89.32,12.41,3.66,63.31,56,36840,F002,No
VH001,2026-09-09 11:00:00,93.09,12.23,6.71,95.18,77,26786,F000,No
VH003,2026-09-09 11:05:00,81.2,11.62,1.03,81.85,20,37698,F001,No
VH004,2026-09-09 11:10:00,81.93,12.19,4.85,66.5,52,30422,F000,No
VH003,2026-09-09 11:15:00,81.63,11.56,1.64,61.88,26,77496,F001,No
VH005,2026-09-09 11:20:00,104.5,12.62,7.8,117.32,95,81713,F002,Yes
VH001,2026-09-09 11:25:00,96.51,11.59,4.91,109.34,56,81595,F000,Yes
VH002,2026-09-09 11:30:00,81.87,11.82,5.38,89.69,39,56800,F000,No
VH003,2026-09-09 11:35:00,107.15,11.85,3.0,115.69,25,74079,F001,Yes
VH004,2026-09-09 11:40:00,101.16,11.53,7.57,62.85,26,15926,F002,Yes
VH005,2026-09-09 11:45:00,86.14,12.39,3.77,106.77,33,23787,F001,No
VH003,2026-09-09 11:50:00,88.31,12.96,5.83,72.41,43,79545,F002,No
VH003,2026-09-09 11:55:00,108.01,12.81,4.33,62.45,77,84371,F002,No
VH004,2026-09-09 12:00:00,101.23,12.84,7.51,92.23,43,30704,F002,Yes
VH005,2026-09-09 12:05:00,84.05,11.52,3.5,107.94,68,39951,F001,Yes
VH001,2026-09-09 12:10:00,89.4,11.74,8.31,90.97,64,70330,F001,Yes
VH001,2026-09-09 12:15:00,82.57,12.97,4.57,75.94,91,56373,F001,No
VH005,2026-09-09 12:20:00,86.29,11.59,3.06,84.09,97,46924,F002,No
VH004,2026-09-09 12:25:00,88.8,12.68,1.85,63.98,30,75381,F002,No
VH002,2026-09-09 12:30:00,85.44,12.8,8.66,61.93,29,18131,F001,No
VH001,2026-09-09 12:35:00,99.57,12.71,5.22,99.47,81,30534,F000,No
VH004,2026-09-09 12:40:00,101.25,11.9,3.02,84.22,55,80861,F001,Yes
VH003,2026-09-09 12:45:00,102.06,11.58,5.96,113.19,87,34041,F001,Yes
VH001,2026-09-09 12:50:00,97.42,12.2,7.06,64.51,58,53312,F002,No
VH002,2026-09-09 12:55:00,92.42,12.62,7.41,76.46,46,56435,F001,No
VH004,2026-09-09 13:00:00,88.77,12.3,7.88,101.56,94,40761,F002,Yes
VH005,2026-09-09 13:05:00,92.26,12.54,8.49,69.99,47,30702,F001,No
VH004,2026-09-09 13:10:00,105.12,11.69,3.85,107.12,26,26806,F002,Yes
VH004,2026-09-09 13:15:00,100.19,12.74,3.81,118.76,46,77940,F000,Yes
VH002,2026-09-09 13:20:00,98.21,12.5,7.23,118.98,58,25064,F000,Yes
VH004,2026-09-09 13:25:00,93.54,12.1,7.18,119.07,28,75333,F000,Yes
VH003,2026-09-09 13:30:00,86.1,11.62,7.1,77.84,76,42017,F002,Yes
VH004,2026-09-09 13:35:00,98.26,11.94,6.09,70.78,88,56605,F001,No
VH003,2026-09-09 13:40:00,99.46,12.26,2.62,63.79,97,41753,F001,No
VH002,2026-09-09 13:45:00,108.52,12.24,2.43,98.64,36,44058,F000,No
VH003,2026-09-09 13:50:00,85.17,12.83,6.31,101.34,45,66827,F001,No
VH004,2026-09-09 13:55:00,86.93,12.58,5.16,114.76,63,88796,F000,No
VH002,2026-09-09 14:00:00,101.35,12.22,1.64,73.82,96,79807,F001,No
VH004,2026-09-09 14:05:00,99.14,12.08,5.49,79.61,59,78078,F001,No
VH001,2026-09-09 14:10:00,96.08,11.73,7.14,113.84,79,82754,F000,Yes
VH003,2026-09-09 14:15:00,95.25,12.97,2.16,73.14,36,92462,F000,No
VH003,2026-09-09 14:20:00,87.93,11.76,7.11,115.94,45,44868,F002,Yes
VH002,2026-09-09 14:25:00,106.43,11.64,2.34,65.3,77,37104,F001,Yes
VH001,2026-09-09 14:30:00,108.35,11.64,4.3,113.41,78,41901,F000,Yes
VH002,2026-09-09 14:35:00,89.14,11.84,4.05,113.14,100,48565,F001,Yes
VH001,2026-09-09 14:40:00,96.67,11.73,4.82,118.46,72,44472,F002,Yes
VH002,2026-09-09 14:45:00,93.83,12.03,7.05,117.67,90,94369,F002,Yes
VH005,2026-09-09 14:50:00,85.89,12.08,6.68,93.7,35,68171,F000,No
VH004,2026-09-09 14:55:00,89.17,12.26,3.78,114.34,60,68509,F001,No
VH003,2026-09-09 15:00:00,104.2,12.37,6.34,112.87,85,43169,F001,Yes
VH003,2026-09-09 15:05:00,108.23,12.54,5.27,92.2,46,49985,F002,No
VH005,2026-09-09 15:10:00,99.94,12.66,1.14,91.77,43,33012,F002,No
VH003,2026-09-09 15:15:00,92.29,12.79,8.4,84.12,88,76829,F000,No
VH003,2026-09-09 15:20:00,106.5,12.51,6.81,82.85,33,65123,F002,No
VH005,2026-09-09 15:25:00,92.9,12.39,4.39,79.48,29,52680,F002,No
VH005,2026-09-09 15:30:00,103.97,12.44,7.8,71.63,62,28019,F000,Yes
VH002,2026-09-09 15:35:00,92.64,12.2,4.62,79.22,54,54698,F000,No
VH001,2026-09-09 15:40:00,102.61,11.97,4.28,73.55,81,13273,F001,Yes
VH004,2026-09-09 15:45:00,84.59,12.69,5.3,62.3,41,72682,F001,No
VH005,2026-09-09 15:50:00,91.33,12.17,5.09,101.91,37,45907,F000,No
VH001,2026-09-09 15:55:00,86.42,11.72,2.29,115.08,42,25931,F000,Yes
VH003,2026-09-09 16:00:00,83.63,12.16,1.31,87.45,30,28392,F000,No
VH004,2026-09-09 16:05:00,95.52,12.3,6.87,109.33,71,87093,F001,No
VH001,2026-09-09 16:10:00,84.16,11.81,7.18,60.83,87,78217,F001,Yes
VH005,2026-09-09 16:15:00,90.97,12.59,2.49,101.53,55,68479,F002,No
VH002,2026-09-09 16:20:00,106.08,12.97,4.96,80.15,71,96354,F000,No
VH003,2026-09-09 16:25:00,87.57,11.69,3.26,93.3,50,65542,F002,No
VH005,2026-09-09 16:30:00,104.95,11.57,2.29,78.55,35,78609,F001,Yes
VH001,2026-09-09 16:35:00,85.62,11.76,4.59,110.06,45,63433,F000,Yes
VH002,2026-09-09 16:40:00,96.68,12.9,6.38,112.38,57,99955,F002,No
VH003,2026-09-09 16:45:00,100.21,12.7,8.0,70.64,99,52796,F000,Yes
VH003,2026-09-09 16:50:00,102.36,12.39,6.23,106.35,53,42735,F001,Yes
VH004,2026-09-09 16:55:00,96.94,12.76,1.13,70.29,81,92634,F000,No
VH002,2026-09-09 17:00:00,105.66,11.6,2.86,79.87,20,60354,F001,Yes
VH004,2026-09-09 17:05:00,86.5,12.77,8.45,119.32,37,87561,F000,Yes
VH002,2026-09-09 17:10:00,93.21,12.51,7.1,85.19,73,43647,F001,No
VH002,2026-09-09 17:15:00,96.48,11.98,4.61,83.59,65,50694,F001,No
VH005,2026-09-09 17:20:00,95.91,12.43,6.94,81.63,65,24228,F002,No
VH005,2026-09-09 17:25:00,91.81,12.36,7.32,96.5,93,52133,F002,No
VH002,2026-09-09 17:30:00,100.22,11.71,7.33,88.19,56,83423,F000,Yes
VH004,2026-09-09 17:35:00,84.18,11.51,1.27,70.67,99,86709,F000,No
VH005,2026-09-09 17:40:00,106.41,12.96,7.01,85.56,77,39799,F000,Yes
VH004,2026-09-09 17:45:00,83.46,12.77,3.3,65.87,82,98281,F001,No
VH002,2026-09-09 17:50:00,99.8,12.14,6.55,107.5,31,65638,F000,No
VH001,2026-09-09 17:55:00,102.14,11.76,5.52,93.93,96,42414,F002,Yes
VH001,2026-09-09 18:00:00,99.31,12.44,2.18,115.48,36,26276,F001,No
VH002,2026-09-09 18:05:00,109.38,12.88,7.68,63.11,56,56386,F002,Yes
VH004,2026-09-09 18:10:00,92.11,12.32,1.43,99.48,82,54792,F001,No
VH001,2026-09-09 18:15:00,94.2,12.71,1.79,99.92,24,83114,F002,No
VH005,2026-09-09 18:20:00,99.92,12.61,2.64,63.29,29,90458,F002,No
VH003,2026-09-09 18:25:00,103.61,12.35,4.12,83.6,37,57823,F002,No
VH005,2026-09-09 18:30:00,97.87,12.09,8.68,79.54,23,49111,F000,No
VH002,2026-09-09 18:35:00,88.85,11.53,4.3,85.38,68,76846,F002,No
VH001,2026-09-09 18:40:00,89.04,12.66,5.95,73.43,75,92216,F001,No
VH003,2026-09-09 18:45:00,98.24,12.87,2.58,118.59,89,13936,F000,No
VH002,2026-09-09 18:50:00,99.75,11.57,1.34,95.72,72,75518,F000,No
VH004,2026-09-09 18:55:00,82.97,12.24,8.22,78.84,71,83555,F001,No
VH005,2026-09-09 19:00:00,85.35,12.64,7.32,81.24,67,34168,F002,No
VH001,2026-09-09 19:05:00,109.28,12.45,3.17,68.42,79,82501,F002,No
VH004,2026-09-09 19:10:00,80.08,12.57,4.48,69.7,38,19965,F002,No
VH002,2026-09-09 19:15:00,104.68,12.61,1.13,82.44,88,43045,F000,No
VH001,2026-09-09 19:20:00,92.98,12.81,2.31,97.59,24,94847,F002,No
VH003,2026-09-09 19:25:00,107.93,11.76,8.09,98.11,26,60423,F002,Yes
VH001,2026-09-09 19:30:00,95.6,12.91,1.61,119.2,64,43796,F000,No
VH003,2026-09-09 19:35:00,82.35,12.38,8.3,79.54,50,84080,F001,No
VH005,2026-09-09 19:40:00,102.36,11.94,3.12,62.5,74,68298,F000,Yes
VH001,2026-09-09 19:45:00,103.89,12.64,1.88,102.03,66,56819,F002,Yes
VH001,2026-09-09 19:50:00,81.93,12.56,8.16,77.95,76,13647,F001,No
VH005,2026-09-09 19:55:00,92.8,12.35,6.64,68.43,49,46679,F001,No
VH001,2026-09-09 20:00:00,94.66,12.03,3.01,89.07,95,11971,F000,No
VH003,2026-09-09 20:05:00,85.51,12.67,2.6,94.51,90,71893,F000,No
VH004,2026-09-09 20:10:00,104.55,12.96,7.07,84.67,69,37177,F002,Yes
VH001,2026-09-09 20:15:00,94.58,12.09,8.06,106.12,90,44704,F000,Yes
VH002,2026-09-09 20:20:00,84.39,12.0,3.05,79.71,88,39929,F001,No
VH003,2026-09-09 20:25:00,105.85,12.23,5.06,76.57,81,13906,F000,No
VH004,2026-09-09 20:30:00,93.8,12.32,5.84,74.68,36,77692,F000,No
VH004,2026-09-09 20:35:00,86.97,12.9,3.42,85.56,90,26717,F001,No
VH002,2026-09-09 20:40:00,85.44,12.79,6.76,86.83,73,74477,F001,No
VH005,2026-09-09 20:45:00,82.21,12.39,7.21,86.68,84,36216,F002,No
VH001,2026-09-09 20:50:00,99.86,11.59,1.98,110.1,99,92796,F000,Yes
VH005,2026-09-09 20:55:00,85.46,11.57,5.55,99.49,32,14083,F002,No
VH005,2026-09-09 21:00:00,95.19,11.85,4.91,107.04,62,37831,F002,Yes
VH003,2026-09-09 21:05:00,94.01,12.68,7.05,65.62,37,61630,F001,No
VH005,2026-09-09 21:10:00,92.04,11.6,8.58,73.73,32,51751,F002,Yes
VH004,2026-09-09 21:15:00,81.53,12.38,7.17,115.04,70,13541,F000,Yes
VH004,2026-09-09 21:20:00,94.34,11.85,2.69,74.01,98,21204,F002,No
VH001,2026-09-09 21:25:00,87.56,11.59,7.99,77.73,24,99453,F000,Yes
VH005,2026-09-09 21:30:00,93.1,11.93,8.54,96.65,72,95202,F001,Yes
VH002,2026-09-09 21:35:00,83.91,12.86,3.39,75.2,25,11064,F002,No
VH003,2026-09-09 21:40:00,82.84,11.76,3.44,82.54,59,71671,F001,No
VH005,2026-09-09 21:45:00,98.15,12.92,2.24,80.51,75,50720,F000,No
VH003,2026-09-09 21:50:00,96.48,12.13,6.89,110.27,72,90900,F002,No
VH003,2026-09-09 21:55:00,109.97,11.97,7.22,76.7,32,13686,F000,Yes
VH002,2026-09-09 22:00:00,84.2,11.98,8.53,87.54,88,47226,F001,Yes
VH004,2026-09-09 22:05:00,106.54,12.6,8.01,74.36,69,96342,F000,Yes
VH003,2026-09-09 22:10:00,85.63,11.9,5.53,88.74,89,23369,F002,No
VH003,2026-09-09 22:15:00,94.34,11.92,6.17,109.57,31,15072,F001,Yes
VH002,2026-09-09 22:20:00,86.24,12.79,1.32,98.45,95,38090,F002,No
VH003,2026-09-09 22:25:00,94.33,12.14,1.14,113.31,70,62486,F001,No
VH003,2026-09-09 22:30:00,105.89,11.84,1.89,107.78,54,22762,F001,Yes
VH002,2026-09-09 22:35:00,86.85,12.19,7.34,65.11,63,89965,F000,No
VH003,2026-09-09 22:40:00,101.71,12.66,1.74,101.08,98,51589,F000,Yes
VH005,2026-09-09 22:45:00,89.8,11.55,3.12,66.31,97,20205,F002,No
VH001,2026-09-09 22:50:00,101.23,12.52,7.82,102.15,25,48273,F001,Yes
VH003,2026-09-09 22:55:00,106.05,11.75,6.53,98.11,61,48807,F000,Yes
VH003,2026-09-09 23:00:00,100.33,11.78,1.84,90.07,96,40872,F001,Yes
VH003,2026-09-09 23:05:00,102.53,12.48,5.3,95.18,72,34108,F001,No
VH005,2026-09-09 23:10:00,108.77,11.85,1.48,106.23,85,73621,F002,Yes
VH004,2026-09-09 23:15:00,107.29,12.22,8.58,78.41,26,66218,F000,Yes
VH002,2026-09-09 23:20:00,94.56,12.77,1.32,65.05,61,48988,F000,No
VH002,2026-09-09 23:25:00,92.57,11.55,7.45,73.86,89,59434,F000,Yes
VH005,2026-09-09 23:30:00,82.07,12.35,5.94,64.57,62,95489,F001,No
VH004,2026-09-09 23:35:00,82.4,11.97,6.71,65.07,33,34041,F001,No
VH003,2026-09-09 23:40:00,106.8,11.98,6.9,69.66,76,27761,F001,Yes
VH002,2026-09-09 23:45:00,91.69,11.73,6.81,117.56,25,83099,F001,Yes
VH001,2026-09-09 23:50:00,106.23,11.85,5.5,77.55,73,11709,F002,Yes
VH003,2026-09-09 23:55:00,90.22,12.77,1.1,79.55,83,29873,F002,No
VH005,2026-09-10 00:00:00,88.17,11.53,8.48,69.21,23,50501,F000,Yes
VH002,2026-09-10 00:05:00,109.54,12.39,4.45,100.82,24,49676,F002,Yes
VH002,2026-09-10 00:10:00,87.98,12.63,1.3,85.02,92,77981,F002,No
VH002,2026-09-10 00:15:00,103.77,12.13,7.26,72.9,90,83582,F002,Yes
VH004,2026-09-10 00:20:00,92.63,12.0,1.53,102.23,25,14364,F000,No
VH002,2026-09-10 00:25:00,105.37,12.25,4.26,96.12,85,80669,F002,No
VH003,2026-09-10 00:30:00,96.02,11.74,1.44,68.99,89,47736,F002,No
VH004,2026-09-10 00:35:00,92.84,11.92,7.08,91.89,50,62065,F002,Yes
VH004,2026-09-10 00:40:00,83.08,11.66,5.6,95.46,97,88050,F002,No
VH003,2026-09-10 00:45:00,104.0,11.83,6.58,104.56,80,85269,F002,Yes
VH003,2026-09-10 00:50:00,99.43,11.94,3.62,84.69,40,47974,F000,No
VH001,2026-09-10 00:55:00,81.27,12.82,7.75,105.69,60,41733,F000,Yes
VH002,2026-09-10 01:00:00,99.37,12.27,4.21,99.91,99,36774,F000,No
VH004,2026-09-10 01:05:00,104.86,12.2,1.7,104.17,91,29921,F000,Yes
VH002,2026-09-10 01:10:00,97.53,12.35,4.99,85.62,69,96456,F000,No
VH004,2026-09-10 01:15:00,90.57,12.09,7.94,74.39,94,33658,F002,No
VH001,2026-09-10 01:20:00,97.72,12.1,3.4,67.42,23,63958,F000,No
VH003,2026-09-10 01:25:00,104.41,11.8,2.18,65.88,52,91310,F000,Yes
VH003,2026-09-10 01:30:00,97.86,11.91,3.79,97.62,66,80964,F000,No
VH002,2026-09-10 01:35:00,92.39,12.66,7.24,73.63,62,58366,F000,No
VH001,2026-09-10 01:40:00,91.89,12.99,8.58,105.4,68,39938,F000,Yes
VH001,2026-09-10 01:45:00,99.84,12.8,3.48,109.02,44,25953,F002,No
VH004,2026-09-10 01:50:00,80.83,12.34,8.49,85.62,36,13871,F002,No
VH003,2026-09-10 01:55:00,102.38,12.71,6.61,69.43,82,36542,F000,No
VH001,2026-09-10 02:00:00,90.72,11.76,8.78,74.6,44,92970,F002,Yes
VH004,2026-09-10 02:05:00,85.72,12.58,8.34,69.76,25,58781,F002,No
VH001,2026-09-10 02:10:00,93.53,12.41,6.44,89.06,77,65063,F001,No
VH005,2026-09-10 02:15:00,90.99,12.07,8.78,118.28,28,34390,F002,Yes
VH001,2026-09-10 02:20:00,99.52,11.8,3.79,77.41,35,83216,F002,No
VH004,2026-09-10 02:25:00,108.77,11.97,3.3,88.11,89,61108,F002,Yes
VH003,2026-09-10 02:30:00,90.7,11.62,8.99,95.96,86,74824,F001,Yes
VH005,2026-09-10 02:35:00,105.39,11.54,4.03,65.25,92,73417,F000,Yes
VH004,2026-09-10 02:40:00,80.65,11.5,5.52,90.6,65,15706,F000,No
VH003,2026-09-10 02:45:00,101.78,11.68,1.41,67.83,72,71651,F001,Yes
VH005,2026-09-10 02:50:00,106.22,12.76,4.11,100.29,37,80506,F000,Yes
VH001,2026-09-10 02:55:00,108.13,11.89,8.18,111.38,35,33283,F000,Yes
VH003,2026-09-10 03:00:00,102.21,12.33,6.43,62.22,56,42755,F000,No
VH003,2026-09-10 03:05:00,100.88,11.78,7.26,117.07,48,50985,F001,Yes
VH003,2026-09-10 03:10:00,105.18,12.57,7.96,115.8,20,92981,F000,Yes
VH005,2026-09-10 03:15:00,92.11,12.78,4.47,110.45,64,29676,F002,No
VH003,2026-09-10 03:20:00,91.09,11.82,2.69,115.43,53,67099,F000,Yes
VH003,2026-09-10 03:25:00,84.53,11.97,8.42,92.61,68,22822,F001,Yes
VH001,2026-09-10 03:30:00,93.36,12.62,4.84,100.98,45,19608,F001,No
VH001,2026-09-10 03:35:00,91.5,12.99,6.23,94.23,53,87343,F000,No
VH004,2026-09-10 03:40:00,85.51,12.13,8.85,112.21,26,98582,F000,Yes
VH004,2026-09-10 03:45:00,98.07,12.95,7.35,74.67,77,60012,F001,No
VH004,2026-09-10 03:50:00,101.77,12.13,1.59,83.5,65,11367,F001,No
VH004,2026-09-10 03:55:00,107.63,11.74,2.77,97.46,40,10806,F000,Yes
VH004,2026-09-10 04:00:00,87.11,12.03,5.35,93.22,23,37077,F002,No
VH005,2026-09-10 04:05:00,109.0,12.72,8.25,66.36,35,58401,F002,Yes
VH005,2026-09-10 04:10:00,92.04,11.84,6.23,98.05,82,57693,F000,No
VH003,2026-09-10 04:15:00,84.22,12.69,1.05,74.0,32,78643,F000,No
VH004,2026-09-10 04:20:00,90.18,12.88,4.78,86.51,89,12937,F002,No
VH004,2026-09-10 04:25:00,100.73,11.76,7.41,93.77,88,44207,F002,Yes
VH001,2026-09-10 04:30:00,108.72,12.91,8.21,86.41,42,16052,F002,Yes
VH001,2026-09-10 04:35:00,83.54,12.01,6.86,65.07,73,98299,F000,No
VH001,2026-09-10 04:40:00,88.35,12.23,8.32,106.57,44,55088,F002,Yes
VH004,2026-09-10 04:45:00,82.69,12.86,6.64,83.52,87,50607,F000,No
VH003,2026-09-10 04:50:00,87.02,11.92,8.38,117.25,73,88742,F001,Yes
VH002,2026-09-10 04:55:00,81.72,12.22,5.1,99.35,44,34543,F001,No
VH004,2026-09-10 05:00:00,100.18,12.12,7.14,104.77,46,63868,F001,Yes
VH005,2026-09-10 05:05:00,101.22,12.6,7.96,68.18,41,48533,F002,Yes
VH005,2026-09-10 05:10:00,90.26,12.72,4.21,60.38,97,81782,F001,No
VH002,2026-09-10 05:15:00,103.86,12.35,1.7,61.78,81,99709,F000,No
VH003,2026-09-10 05:20:00,87.6,12.61,2.27,89.78,51,34053,F000,No
VH005,2026-09-10 05:25:00,96.26,12.68,2.54,65.97,36,88904,F002,No
VH003,2026-09-10 05:30:00,103.38,11.89,7.59,90.72,82,37536,F002,Yes
VH004,2026-09-10 05:35:00,82.1,12.23,3.49,86.16,64,33834,F001,No
VH001,2026-09-10 05:40:00,99.31,12.85,3.04,116.01,55,39670,F002,No
VH004,2026-09-10 05:45:00,93.05,11.72,4.93,99.72,74,80143,F001,No
VH001,2026-09-10 05:50:00,85.69,12.0,4.07,104.71,65,32755,F002,No
VH004,2026-09-10 05:55:00,82.73,11.76,7.71,64.35,85,17124,F001,Yes
VH001,2026-09-10 06:00:00,82.36,11.77,8.56,81.72,26,92713,F000,Yes
VH004,2026-09-10 06:05:00,83.31,11.6,5.88,100.51,37,90671,F000,Yes
VH005,2026-09-10 06:10:00,107.16,12.12,3.7,107.96,55,30347,F000,Yes
VH003,2026-09-10 06:15:00,100.94,12.69,1.4,112.61,54,56384,F002,Yes
VH001,2026-09-10 06:20:00,93.18,12.75,6.7,83.34,92,95049,F001,No
VH003,2026-09-10 06:25:00,82.26,12.95,2.05,68.27,43,42867,F002,No
VH005,2026-09-10 06:30:00,84.81,12.49,6.44,83.83,96,36185,F001,No
VH005,2026-09-10 06:35:00,82.69,12.82,4.15,109.99,32,25521,F000,No
VH003,2026-09-10 06:40:00,102.11,12.07,5.13,90.61,24,45980,F002,No
VH002,2026-09-10 06:45:00,85.72,12.61,8.2,109.2,65,83896,F000,Yes
VH002,2026-09-10 06:50:00,85.14,11.56,7.94,119.84,32,67236,F001,Yes
VH005,2026-09-10 06:55:00,105.68,12.07,1.89,97.5,94,33747,F002,No
VH002,2026-09-10 07:00:00,100.05,11.78,7.57,75.81,59,27126,F001,Yes
VH005,2026-09-10 07:05:00,103.64,12.61,6.96,102.81,25,31588,F002,Yes
VH003,2026-09-10 07:10:00,104.6,12.76,8.26,114.45,47,19785,F002,Yes
VH002,2026-09-10 07:15:00,109.0,12.22,4.7,116.47,25,96605,F001,Yes
VH004,2026-09-10 07:20:00,102.56,12.04,4.77,77.16,30,49736,F001,No
VH004,2026-09-10 07:25:00,98.02,11.86,1.01,79.67,72,33314,F001,No
VH004,2026-09-10 07:30:00,80.27,12.93,1.18,108.71,33,98131,F001,No
VH004,2026-09-10 07:35:00,106.01,12.04,7.02,117.34,58,99504,F002,Yes
VH004,2026-09-10 07:40:00,95.01,12.53,8.12,74.4,54,77165,F000,No
VH004,2026-09-10 07:45:00,93.89,11.51,8.53,119.7,55,48569,F002,Yes
VH001,2026-09-10 07:50:00,81.15,11.91,5.28,114.54,92,63016,F002,Yes
VH001,2026-09-10 07:55:00,82.13,12.45,7.41,98.49,27,39775,F000,No
VH001,2026-09-10 08:00:00,105.3,12.7,4.77,117.76,51,86789,F002,Yes
VH004,2026-09-10 08:05:00,88.95,11.76,5.45,73.45,68,30577,F001,No
VH002,2026-09-10 08:10:00,97.6,12.23,2.99,105.92,97,58120,F002,No
VH002,2026-09-10 08:15:00,97.4,12.87,6.7,98.64,63,96492,F001,No
VH004,2026-09-10 08:20:00,97.77,12.03,5.7,89.14,46,74122,F001,No
VH002,2026-09-10 08:25:00,99.36,12.91,6.47,84.79,36,93686,F000,No
VH002,2026-09-10 08:30:00,93.76,12.0,7.78,78.76,82,78458,F002,No
VH002,2026-09-10 08:35:00,89.3,12.84,3.0,82.68,38,51538,F002,No
VH002,2026-09-10 08:40:00,107.54,11.97,5.14,73.95,74,41230,F001,Yes
VH005,2026-09-10 08:45:00,86.17,11.65,5.06,75.53,61,77183,F000,No
VH002,2026-09-10 08:50:00,93.75,11.98,3.23,91.79,44,18528,F000,No
VH004,2026-09-10 08:55:00,90.41,12.12,6.04,88.2,33,89794,F000,No
VH001,2026-09-10 09:00:00,99.35,12.51,2.87,73.06,65,81451,F000,No
VH004,2026-09-10 09:05:00,99.81,12.01,1.54,78.26,40,58844,F000,No
VH002,2026-09-10 09:10:00,109.81,11.88,1.87,70.97,86,45903,F000,Yes
VH002,2026-09-10 09:15:00,101.36,12.27,8.91,77.39,36,14189,F001,Yes
VH002,2026-09-10 09:20:00,89.58,12.72,4.24,115.94,29,62074,F001,No
VH003,2026-09-10 09:25:00,97.2,12.57,1.02,75.94,69,96710,F000,No
VH004,2026-09-10 09:30:00,109.77,11.81,8.44,106.63,43,90661,F000,Yes
VH003,2026-09-10 09:35:00,86.75,12.8,4.71,86.31,82,16725,F001,No
VH001,2026-09-10 09:40:00,86.25,12.69,6.67,84.96,37,26087,F002,No
VH003,2026-09-10 09:45:00,94.84,12.23,6.19,89.27,95,91494,F000,No
VH004,2026-09-10 09:50:00,90.39,12.82,3.93,70.67,42,11130,F000,No
VH002,2026-09-10 09:55:00,103.69,12.96,4.21,91.75,63,61833,F002,No
VH001,2026-09-10 10:00:00,80.55,12.05,7.01,93.16,45,81137,F001,No
VH003,2026-09-10 10:05:00,83.54,11.66,5.7,63.01,23,64396,F000,No
VH003,2026-09-10 10:10:00,91.45,11.61,1.82,83.55,56,12211,F002,No
VH001,2026-09-10 10:15:00,108.31,12.74,8.6,112.64,41,69392,F000,Yes
VH001,2026-09-10 10:20:00,107.31,12.61,4.06,102.77,30,86131,F000,Yes
VH001,2026-09-10 10:25:00,100.49,12.03,1.37,117.98,45,59576,F001,Yes
VH001,2026-09-10 10:30:00,87.16,11.76,6.77,104.32,82,47977,F002,Yes
VH004,2026-09-10 10:35:00,91.89,11.63,2.71,97.4,58,97716,F002,No
VH004,2026-09-10 10:40:00,80.38,11.56,3.09,76.51,47,18473,F002,No
VH004,2026-09-10 10:45:00,89.0,12.73,7.88,116.1,73,16416,F001,Yes
VH004,2026-09-10 10:50:00,86.38,12.8,6.5,74.67,93,29382,F000,No
VH001,2026-09-10 10:55:00,85.2,11.73,8.12,114.94,37,24688,F001,Yes
VH003,2026-09-10 11:00:00,107.18,12.14,3.22,69.87,53,98702,F001,No
VH005,2026-09-10 11:05:00,80.72,11.75,3.0,89.97,55,79275,F001,No
VH003,2026-09-10 11:10:00,96.11,12.54,2.4,62.48,58,20767,F001,No
VH003,2026-09-10 11:15:00,98.1,12.58,5.2,86.84,50,73443,F000,No
VH001,2026-09-10 11:20:00,103.84,12.09,5.38,84.39,21,61942,F001,No
VH005,2026-09-10 11:25:00,90.68,12.6,2.01,86.99,83,23602,F002,No
VH004,2026-09-10 11:30:00,100.57,11.67,2.01,74.82,39,30974,F001,Yes
VH001,2026-09-10 11:35:00,104.93,12.48,7.8,62.52,23,37094,F000,Yes
VH001,2026-09-10 11:40:00,90.26,11.58,5.6,82.49,51,29838,F002,No
VH004,2026-09-10 11:45:00,84.84,12.12,3.29,103.2,48,62960,F002,No
VH001,2026-09-10 11:50:00,80.25,12.74,7.09,115.24,50,97743,F002,Yes
VH002,2026-09-10 11:55:00,108.37,11.86,6.42,97.47,87,81560,F001,Yes
VH002,2026-09-10 12:00:00,84.03,12.82,5.25,74.76,84,45842,F000,No
VH005,2026-09-10 12:05:00,94.35,12.84,3.46,86.25,66,47011,F001,No
VH004,2026-09-10 12:10:00,91.5,12.73,6.07,119.65,40,25162,F002,No
VH004,2026-09-10 12:15:00,83.26,12.29,5.6,65.3,77,54358,F000,No
VH002,2026-09-10 12:20:00,81.77,12.7,7.27,91.54,88,17728,F002,No
VH003,2026-09-10 12:25:00,98.71,12.28,6.88,88.63,54,72810,F001,No
VH004,2026-09-10 12:30:00,106.81,11.94,4.0,85.71,36,65499,F000,Yes
VH003,2026-09-10 12:35:00,86.62,11.89,3.36,91.26,23,88037,F000,No
VH003,2026-09-10 12:40:00,98.56,12.27,5.16,68.73,99,41414,F002,No
VH002,2026-09-10 12:45:00,81.58,11.78,4.12,94.25,92,44041,F000,No
VH005,2026-09-10 12:50:00,88.4,12.4,1.9,98.46,27,99358,F000,No
VH001,2026-09-10 12:55:00,85.55,11.64,7.0,87.32,94,65876,F001,No
VH005,2026-09-10 13:00:00,105.9,12.16,4.86,114.83,58,46888,F001,Yes
VH001,2026-09-10 13:05:00,85.61,11.84,7.23,94.02,82,94869,F002,Yes
VH001,2026-09-10 13:10:00,109.28,12.18,4.24,89.23,68,89564,F002,No
VH003,2026-09-10 13:15:00,102.19,12.61,2.86,94.14,41,43506,F001,No
VH001,2026-09-10 13:20:00,96.91,12.91,1.44,109.0,98,90287,F001,No
VH001,2026-09-10 13:25:00,99.56,11.65,5.68,82.15,24,51656,F001,No
VH005,2026-09-10 13:30:00,100.83,12.93,1.1,77.19,85,28886,F001,No
VH001,2026-09-10 13:35:00,108.99,12.53,5.0,61.23,57,29222,F002,No
VH004,2026-09-10 13:40:00,87.73,12.65,1.8,107.55,88,97228,F000,No
VH004,2026-09-10 13:45:00,82.73,12.99,4.38,104.89,36,85580,F000,No
VH004,2026-09-10 13:50:00,86.2,11.51,4.92,84.46,80,12061,F001,No
VH002,2026-09-10 13:55:00,96.12,12.63,1.61,87.58,42,22304,F001,No
VH003,2026-09-10 14:00:00,85.84,11.97,7.09,69.4,94,91038,F002,Yes
VH004,2026-09-10 14:05:00,106.36,12.87,8.97,106.13,21,61545,F000,Yes
VH002,2026-09-10 14:10:00,102.35,11.65,2.18,90.89,40,22480,F002,Yes
VH005,2026-09-10 14:15:00,95.88,11.92,7.96,62.15,26,42575,F001,Yes
VH004,2026-09-10 14:20:00,107.02,12.88,8.18,92.24,27,68111,F001,Yes
VH003,2026-09-10 14:25:00,107.23,12.37,2.47,72.66,37,67693,F001,No
VH002,2026-09-10 14:30:00,109.37,12.25,3.42,97.1,79,69189,F001,No
VH003,2026-09-10 14:35:00,106.36,12.99,6.04,112.25,52,62382,F002,Yes
VH002,2026-09-10 14:40:00,103.76,12.26,7.48,105.19,63,58925,F002,Yes
VH004,2026-09-10 14:45:00,92.11,12.28,7.84,85.33,79,61235,F001,No
VH002,2026-09-10 14:50:00,100.2,12.26,5.53,111.48,40,26570,F000,Yes
VH002,2026-09-10 14:55:00,104.23,12.08,7.06,88.97,97,12201,F000,Yes
VH003,2026-09-10 15:00:00,85.44,11.55,8.5,98.88,55,17795,F000,Yes
VH004,2026-09-10 15:05:00,109.74,11.74,2.34,118.0,28,31077,F000,Yes
VH003,2026-09-10 15:10:00,98.46,12.28,7.94,71.75,56,68425,F002,No
VH003,2026-09-10 15:15:00,105.95,12.05,3.95,79.4,55,11707,F002,No
VH005,2026-09-10 15:20:00,88.95,12.6,1.39,89.32,50,77516,F002,No
VH004,2026-09-10 15:25:00,91.12,12.84,4.37,94.42,99,43153,F000,No
VH001,2026-09-10 15:30:00,97.9,12.46,7.38,86.49,90,69604,F001,No
VH001,2026-09-10 15:35:00,99.14,12.07,3.69,81.57,79,42465,F001,No
VH005,2026-09-10 15:40:00,98.32,12.15,3.75,110.75,77,74203,F001,No
VH004,2026-09-10 15:45:00,100.3,12.56,1.7,112.35,97,86976,F000,Yes
VH004,2026-09-10 15:50:00,93.61,12.99,4.76,94.05,68,20155,F002,No
VH004,2026-09-10 15:55:00,93.53,11.63,3.64,90.31,88,34353,F001,No
VH002,2026-09-10 16:00:00,108.39,12.23,4.05,80.6,26,78844,F000,No
VH003,2026-09-10 16:05:00,88.44,12.55,8.38,95.43,29,47454,F002,No
VH005,2026-09-10 16:10:00,103.69,12.37,5.53,111.06,40,41313,F001,Yes
VH005,2026-09-10 16:15:00,83.72,12.01,5.77,72.92,23,26922,F000,No
VH004,2026-09-10 16:20:00,86.33,12.02,5.15,64.38,38,26508,F000,No
VH004,2026-09-10 16:25:00,108.99,12.75,3.81,118.4,42,83228,F002,Yes
VH001,2026-09-10 16:30:00,82.25,12.06,6.61,78.59,33,57446,F002,No
VH002,2026-09-10 16:35:00,87.18,12.99,5.28,87.79,28,15594,F002,No
VH005,2026-09-10 16:40:00,87.86,12.61,4.16,103.81,62,79315,F000,No
VH005,2026-09-10 16:45:00,92.35,12.75,3.22,87.53,27,51592,F000,No
VH005,2026-09-10 16:50:00,102.84,12.39,3.8,68.58,56,30566,F001,No
VH003,2026-09-10 16:55:00,82.11,12.71,7.55,108.92,58,97878,F002,Yes
VH004,2026-09-10 17:00:00,95.38,12.44,5.52,100.85,93,72985,F002,No
VH001,2026-09-10 17:05:00,86.64,11.74,7.74,84.34,48,74655,F002,Yes
VH001,2026-09-10 17:10:00,104.8,12.27,1.21,89.03,48,42100,F001,No
VH001,2026-09-10 17:15:00,105.22,12.08,1.3,67.56,74,91751,F000,No
VH001,2026-09-10 17:20:00,104.86,12.9,8.72,116.17,53,89971,F002,Yes
VH005,2026-09-10 17:25:00,103.9,12.69,6.97,81.93,97,45250,F001,No
VH001,2026-09-10 17:30:00,109.76,13.0,4.37,117.54,48,25731,F002,Yes
VH003,2026-09-10 17:35:00,104.33,12.52,2.19,76.68,42,12447,F002,No
VH001,2026-09-10 17:40:00,86.5,11.79,5.94,109.53,62,65212,F001,Yes
VH003,2026-09-10 17:45:00,93.3,12.14,3.97,68.43,99,54602,F000,No
VH001,2026-09-10 17:50:00,83.02,11.77,4.79,110.86,50,21920,F001,Yes
VH004,2026-09-10 17:55:00,93.38,12.17,2.93,106.96,93,75910,F002,No
VH004,2026-09-10 18:00:00,108.29,11.87,6.04,109.38,72,78752,F001,Yes
VH004,2026-09-10 18:05:00,100.44,12.42,5.87,66.0,30,73554,F001,No
VH002,2026-09-10 18:10:00,98.19,11.69,7.51,73.82,90,94438,F002,Yes
VH001,2026-09-10 18:15:00,101.04,11.67,4.53,90.59,52,44958,F001,Yes
VH001,2026-09-10 18:20:00,93.11,12.92,2.97,79.99,96,87040,F001,No
VH005,2026-09-10 18:25:00,87.55,11.99,2.43,67.77,79,52568,F002,No
VH001,2026-09-10 18:30:00,108.25,12.01,4.1,78.65,63,53813,F001,No
VH002,2026-09-10 18:35:00,106.06,11.93,6.72,113.83,66,25367,F002,Yes
VH004,2026-09-10 18:40:00,94.13,11.7,7.2,84.64,85,82639,F000,Yes
VH003,2026-09-10 18:45:00,89.46,11.67,3.87,69.97,80,61859,F000,No
VH002,2026-09-10 18:50:00,103.65,12.3,6.35,80.04,61,96055,F001,No
VH004,2026-09-10 18:55:00,93.09,11.62,4.48,62.02,49,10924,F002,No
VH005,2026-09-10 19:00:00,106.21,11.97,3.92,116.43,65,83050,F002,Yes
VH002,2026-09-10 19:05:00,90.14,12.9,1.81,102.25,83,16174,F001,No
VH001,2026-09-10 19:10:00,91.69,11.56,6.81,76.03,32,39774,F000,No
VH004,2026-09-10 19:15:00,99.03,11.65,3.7,104.61,61,86236,F001,Yes
VH001,2026-09-10 19:20:00,100.99,11.92,2.72,98.3,85,75122,F001,Yes
VH002,2026-09-10 19:25:00,106.31,12.84,2.61,88.44,44,63211,F002,No
VH003,2026-09-10 19:30:00,89.52,12.14,6.87,94.41,40,44341,F001,No
VH003,2026-09-10 19:35:00,101.37,12.99,2.13,113.36,98,62762,F001,Yes
VH004,2026-09-10 19:40:00,97.27,12.73,5.74,108.93,66,56046,F002,No
VH001,2026-09-10 19:45:00,84.93,12.75,6.94,110.24,71,37450,F000,No
VH002,2026-09-10 19:50:00,103.5,12.5,7.53,64.1,28,73488,F000,Yes
VH004,2026-09-10 19:55:00,109.69,12.8,2.9,81.4,64,84511,F002,No
VH002,2026-09-10 20:00:00,83.07,11.77,2.63,74.2,91,85066,F002,No
VH002,2026-09-10 20:05:00,96.85,12.69,4.23,62.63,64,65265,F002,No
VH003,2026-09-10 20:10:00,102.93,12.83,3.26,119.0,30,52710,F000,Yes
VH004,2026-09-10 20:15:00,90.89,11.93,1.08,75.71,22,19463,F001,No
VH002,2026-09-10 20:20:00,98.26,12.96,2.47,100.09,99,98735,F000,No
VH004,2026-09-10 20:25:00,92.11,12.67,3.1,63.47,50,63705,F000,No
VH002,2026-09-10 20:30:00,83.89,12.42,8.44,96.99,94,35568,F002,No
VH003,2026-09-10 20:35:00,81.36,12.55,5.86,101.67,48,14699,F000,No
VH004,2026-09-10 20:40:00,103.89,11.87,6.99,66.71,44,82001,F000,Yes
VH003,2026-09-10 20:45:00,101.78,12.08,4.68,61.66,73,87134,F001,No
VH004,2026-09-10 20:50:00,92.69,12.66,7.2,93.24,21,58869,F001,No
VH002,2026-09-10 20:55:00,90.96,12.96,1.31,78.83,92,73245,F001,No
VH003,2026-09-10 21:00:00,94.51,12.82,5.33,85.53,36,93652,F001,No
VH002,2026-09-10 21:05:00,93.8,12.28,5.66,106.52,80,51179,F000,No
VH001,2026-09-10 21:10:00,107.38,12.02,3.77,77.35,28,91652,F002,No
VH002,2026-09-10 21:15:00,108.85,11.65,2.01,104.14,68,52082,F002,Yes
VH002,2026-09-10 21:20:00,83.95,12.69,1.86,84.43,85,83308,F002,No
VH005,2026-09-10 21:25:00,94.25,11.58,3.3,91.48,93,76367,F000,No
VH005,2026-09-10 21:30:00,82.65,12.96,4.52,67.91,76,41135,F002,No
VH005,2026-09-10 21:35:00,102.24,12.73,4.28,107.44,98,47215,F002,Yes
VH001,2026-09-10 21:40:00,95.67,12.93,2.32,101.15,75,94765,F002,No
VH001,2026-09-10 21:45:00,88.85,12.61,6.24,108.42,79,84217,F000,No
VH004,2026-09-10 21:50:00,99.1,11.97,5.76,118.66,29,13005,F001,Yes
VH003,2026-09-10 21:55:00,98.44,11.65,7.44,113.26,63,86479,F000,Yes
VH005,2026-09-10 22:00:00,96.84,12.93,4.79,82.02,54,25824,F002,No
VH002,2026-09-10 22:05:00,108.98,11.88,8.27,106.79,88,35572,F002,Yes
VH002,2026-09-10 22:10:00,93.47,11.67,1.54,73.48,21,14952,F001,No
VH003,2026-09-10 22:15:00,90.56,11.81,4.78,116.37,97,11982,F001,Yes
VH004,2026-09-10 22:20:00,80.06,12.01,3.97,104.3,60,94268,F002,No
VH003,2026-09-10 22:25:00,91.17,12.05,8.01,96.77,71,11185,F002,No
VH002,2026-09-10 22:30:00,81.37,12.35,5.59,89.0,96,83085,F000,No
VH002,2026-09-10 22:35:00,81.75,12.15,6.38,65.89,95,93530,F001,No
VH003,2026-09-10 22:40:00,107.05,12.41,5.18,73.06,53,92860,F002,No
VH002,2026-09-10 22:45:00,109.39,12.09,5.49,75.98,26,93558,F000,No
VH003,2026-09-10 22:50:00,98.28,12.49,7.1,88.22,50,14427,F000,No
VH004,2026-09-10 22:55:00,95.13,11.68,4.61,81.85,74,74939,F000,No
VH005,2026-09-10 23:00:00,87.57,11.55,5.43,73.68,81,13901,F001,No
VH004,2026-09-10 23:05:00,102.92,12.7,5.62,67.3,36,72168,F002,No
VH003,2026-09-10 23:10:00,106.84,11.81,3.17,102.2,73,87087,F002,Yes
VH003,2026-09-10 23:15:00,87.97,12.41,4.5,68.66,78,99037,F001,No
VH004,2026-09-10 23:20:00,93.99,11.55,7.01,103.66,59,37172,F000,Yes
VH001,2026-09-10 23:25:00,84.27,12.02,1.53,94.87,98,24997,F002,No
VH004,2026-09-10 23:30:00,100.33,12.26,2.45,100.3,48,92625,F002,Yes
VH001,2026-09-10 23:35:00,107.28,12.01,4.75,91.65,82,73700,F000,No
VH004,2026-09-10 23:40:00,106.37,12.4,5.11,79.29,86,28050,F002,No
VH004,2026-09-10 23:45:00,83.29,12.35,1.35,97.77,83,16296,F002,No
VH002,2026-09-10 23:50:00,97.63,12.72,4.59,82.74,54,27547,F002,No
VH005,2026-09-10 23:55:00,100.49,12.8,5.37,89.3,80,12525,F001,No
VH001,2026-09-11 00:00:00,91.91,12.46,3.13,81.29,29,27325,F001,No
VH003,2026-09-11 00:05:00,106.36,12.05,1.49,104.28,51,32950,F001,Yes
VH005,2026-09-11 00:10:00,92.34,12.43,6.9,82.79,60,90947,F000,No
VH002,2026-09-11 00:15:00,92.68,12.16,2.69,83.43,55,71354,F000,No
VH003,2026-09-11 00:20:00,83.78,11.84,1.18,98.28,79,98308,F002,No
VH001,2026-09-11 00:25:00,80.79,12.29,2.8,72.68,87,80191,F002,No
VH003,2026-09-11 00:30:00,105.89,11.63,5.36,73.46,90,16368,F002,Yes
VH001,2026-09-11 00:35:00,100.22,12.04,2.94,108.48,96,79024,F000,Yes
VH001,2026-09-11 00:40:00,102.55,11.81,1.42,101.62,88,81224,F002,Yes
VH001,2026-09-11 00:45:00,80.57,11.79,4.1,84.26,39,88385,F000,No
VH003,2026-09-11 00:50:00,92.64,12.49,7.21,85.82,91,95314,F000,No
VH004,2026-09-11 00:55:00,109.59,11.78,6.48,77.92,48,13381,F001,Yes
VH002,2026-09-11 01:00:00,86.38,12.98,7.12,114.97,31,78951,F001,Yes
VH003,2026-09-11 01:05:00,101.16,11.56,7.96,112.12,99,31101,F001,Yes
VH001,2026-09-11 01:10:00,103.97,12.96,6.33,107.53,66,81261,F002,Yes
VH005,2026-09-11 01:15:00,95.38,12.16,4.1,111.19,98,78068,F001,No
VH001,2026-09-11 01:20:00,81.9,12.68,8.04,103.12,77,27987,F000,Yes
VH003,2026-09-11 01:25:00,106.19,12.09,2.22,90.05,20,37867,F002,No
VH001,2026-09-11 01:30:00,98.09,12.56,6.77,76.41,78,81305,F002,No
VH003,2026-09-11 01:35:00,100.56,11.95,3.52,100.24,34,32032,F001,Yes
VH003,2026-09-11 01:40:00,92.01,12.65,3.23,60.47,87,22540,F000,No
VH001,2026-09-11 01:45:00,96.31,12.95,6.66,70.22,92,57140,F002,No
VH004,2026-09-11 01:50:00,83.28,12.05,6.45,62.22,95,24373,F002,No
VH003,2026-09-11 01:55:00,105.0,12.84,1.1,102.32,82,58909,F001,Yes
VH004,2026-09-11 02:00:00,108.87,11.95,8.96,109.81,81,62118,F000,Yes
VH002,2026-09-11 02:05:00,96.64,12.66,3.93,69.62,83,74934,F000,No
VH004,2026-09-11 02:10:00,83.73,12.8,6.88,109.25,53,12463,F001,No
VH001,2026-09-11 02:15:00,94.25,12.99,5.93,60.56,62,35779,F001,No
VH001,2026-09-11 02:20:00,86.63,12.52,3.03,99.83,88,71651,F001,No
VH005,2026-09-11 02:25:00,107.21,12.03,6.02,97.41,74,23555,F001,No
VH002,2026-09-11 02:30:00,88.06,11.81,7.71,70.74,65,59523,F001,Yes
VH003,2026-09-11 02:35:00,104.19,11.65,6.79,75.86,42,83032,F000,Yes
VH003,2026-09-11 02:40:00,89.36,12.72,4.98,91.21,63,73917,F000,No
VH005,2026-09-11 02:45:00,98.8,12.47,4.07,90.21,77,70390,F000,No
VH002,2026-09-11 02:50:00,89.03,12.79,1.86,108.46,82,55806,F000,No
VH002,2026-09-11 02:55:00,90.54,11.9,3.38,79.29,95,50082,F000,No
VH005,2026-09-11 03:00:00,85.81,12.36,2.39,66.72,93,18427,F001,No
VH002,2026-09-11 03:05:00,90.09,12.87,8.29,109.59,57,83816,F002,Yes
VH002,2026-09-11 03:10:00,101.22,12.33,1.38,65.62,68,20799,F002,No
VH004,2026-09-11 03:15:00,83.77,11.94,6.75,105.1,94,74315,F002,Yes
VH004,2026-09-11 03:20:00,88.69,12.79,2.56,115.36,71,39124,F001,No
VH002,2026-09-11 03:25:00,86.18,12.61,6.05,99.32,39,74426,F001,No
VH002,2026-09-11 03:30:00,83.13,12.19,4.7,74.5,64,29021,F001,No
VH002,2026-09-11 03:35:00,87.7,11.74,7.73,106.31,61,69496,F002,Yes
VH002,2026-09-11 03:40:00,88.17,12.18,6.57,62.08,57,34881,F000,No
VH005,2026-09-11 03:45:00,100.36,12.4,4.57,91.24,88,51327,F001,No
VH005,2026-09-11 03:50:00,85.48,12.69,6.79,110.78,94,67204,F001,No
VH003,2026-09-11 03:55:00,87.76,12.64,7.64,103.52,30,89532,F000,Yes
VH002,2026-09-11 04:00:00,92.92,12.71,8.95,96.18,51,77503,F000,No
VH002,2026-09-11 04:05:00,84.84,12.96,3.72,87.97,66,86205,F002,No
VH004,2026-09-11 04:10:00,87.05,12.57,1.86,65.01,49,88290,F001,No
VH004,2026-09-11 04:15:00,83.83,11.63,3.9,103.68,40,32568,F002,Yes
VH001,2026-09-11 04:20:00,92.75,12.62,3.48,92.8,94,10020,F002,No
VH005,2026-09-11 04:25:00,86.02,12.1,2.79,66.21,88,51879,F000,No
VH004,2026-09-11 04:30:00,89.91,12.11,3.15,99.56,88,88247,F000,No
VH001,2026-09-11 04:35:00,105.22,12.5,7.13,96.8,37,92351,F000,Yes
VH005,2026-09-11 04:40:00,108.94,12.15,3.79,100.44,74,67420,F001,Yes
VH002,2026-09-11 04:45:00,88.91,11.77,8.48,107.36,80,66605,F002,Yes
VH002,2026-09-11 04:50:00,89.87,12.51,7.63,74.2,43,48933,F000,No
VH004,2026-09-11 04:55:00,105.64,12.34,5.03,114.32,68,35021,F002,Yes
VH003,2026-09-11 05:00:00,97.95,12.07,2.76,82.37,52,27229,F002,No
VH001,2026-09-11 05:05:00,99.77,12.45,3.66,117.02,60,29681,F002,No
VH004,2026-09-11 05:10:00,107.34,12.85,3.27,91.91,55,40470,F002,No
VH005,2026-09-11 05:15:00,83.09,12.15,4.77,67.22,77,62581,F001,No
VH005,2026-09-11 05:20:00,80.92,11.93,1.71,116.0,68,78977,F000,Yes
VH001,2026-09-11 05:25:00,82.13,11.97,5.79,83.78,28,84807,F002,No
VH005,2026-09-11 05:30:00,84.56,11.73,5.03,102.56,100,50537,F001,Yes
VH002,2026-09-11 05:35:00,103.56,12.41,3.34,114.71,46,62437,F001,Yes
VH003,2026-09-11 05:40:00,80.79,12.07,2.68,105.07,22,40122,F002,No
VH003,2026-09-11 05:45:00,104.83,12.68,1.04,72.31,40,93064,F002,No
VH002,2026-09-11 05:50:00,85.89,12.64,7.55,90.1,90,83718,F002,No
VH004,2026-09-11 05:55:00,104.04,12.29,2.09,70.61,77,64751,F001,No
VH002,2026-09-11 06:00:00,99.51,11.92,8.91,87.9,63,75006,F001,Yes
VH002,2026-09-11 06:05:00,91.74,11.78,8.16,85.78,29,62945,F001,Yes
VH003,2026-09-11 06:10:00,98.62,12.8,8.14,114.66,65,66113,F002,Yes
VH003,2026-09-11 06:15:00,80.96,12.96,3.33,119.64,85,88793,F000,No
VH004,2026-09-11 06:20:00,102.58,11.96,1.44,108.82,26,74941,F002,Yes
VH003,2026-09-11 06:25:00,89.15,12.68,6.16,102.67,57,74105,F002,No
VH002,2026-09-11 06:30:00,86.48,11.76,2.95,77.6,71,39192,F001,No
VH005,2026-09-11 06:35:00,104.27,12.86,5.2,115.45,78,56621,F001,Yes
VH002,2026-09-11 06:40:00,83.87,12.23,7.55,70.52,51,97884,F002,No
VH002,2026-09-11 06:45:00,104.1,12.33,2.2,94.39,37,37755,F000,No
VH002,2026-09-11 06:50:00,89.05,12.18,4.05,107.33,26,97260,F001,No
VH002,2026-09-11 06:55:00,87.6,12.02,8.54,86.47,33,22162,F000,No
VH001,2026-09-11 07:00:00,93.67,11.51,6.06,119.5,61,84441,F002,Yes
VH002,2026-09-11 07:05:00,86.69,11.53,3.18,61.09,100,69397,F000,No
VH003,2026-09-11 07:10:00,96.74,12.35,8.13,117.32,49,43464,F001,Yes
VH001,2026-09-11 07:15:00,84.28,12.37,7.09,69.09,63,53167,F001,No
VH004,2026-09-11 07:20:00,105.08,11.83,4.83,108.77,20,56732,F001,Yes
VH002,2026-09-11 07:25:00,97.55,11.78,4.95,76.17,25,68092,F002,No
VH001,2026-09-11 07:30:00,87.57,11.75,7.99,71.76,59,85500,F002,Yes
VH002,2026-09-11 07:35:00,94.2,12.2,4.19,63.37,85,15914,F002,No
VH002,2026-09-11 07:40:00,91.14,12.63,7.89,99.74,21,96330,F001,No
VH002,2026-09-11 07:45:00,107.16,12.64,3.87,104.49,84,94389,F001,Yes
VH003,2026-09-11 07:50:00,93.22,12.81,1.89,81.23,41,36506,F001,No
VH003,2026-09-11 07:55:00,97.99,11.78,5.79,76.07,25,63513,F002,No
VH003,2026-09-11 08:00:00,81.22,11.57,5.46,103.28,96,10020,F000,Yes
VH001,2026-09-11 08:05:00,90.9,11.67,6.51,79.25,73,54401,F001,No
VH005,2026-09-11 08:10:00,97.71,12.23,7.42,103.93,67,46651,F002,Yes
VH004,2026-09-11 08:15:00,86.41,12.97,6.6,99.5,92,97754,F001,No
VH001,2026-09-11 08:20:00,91.67,11.62,3.1,71.66,27,76268,F002,No
VH002,2026-09-11 08:25:00,92.13,12.41,8.72,94.24,71,93326,F000,No
VH003,2026-09-11 08:30:00,104.2,12.51,6.34,117.11,98,29769,F002,Yes
VH001,2026-09-11 08:35:00,103.26,11.68,5.18,83.52,95,87563,F002,Yes
VH005,2026-09-11 08:40:00,95.39,12.92,3.43,105.17,56,73523,F001,No
VH002,2026-09-11 08:45:00,93.16,12.37,1.04,75.92,94,11109,F001,No
VH002,2026-09-11 08:50:00,102.24,12.78,2.35,109.01,91,47323,F002,Yes
VH001,2026-09-11 08:55:00,80.23,12.52,8.97,66.35,97,31748,F000,No
VH001,2026-09-11 09:00:00,82.91,12.1,7.65,69.24,63,74816,F000,No
VH003,2026-09-11 09:05:00,98.4,12.87,1.25,119.68,93,63205,F002,No
VH004,2026-09-11 09:10:00,85.25,12.83,6.62,83.17,75,73503,F002,No
VH002,2026-09-11 09:15:00,85.29,11.98,1.52,72.62,77,51028,F000,No
VH005,2026-09-11 09:20:00,88.11,12.88,6.98,102.73,28,25736,F001,No
VH003,2026-09-11 09:25:00,88.56,11.93,7.71,66.36,91,71405,F002,Yes
VH001,2026-09-11 09:30:00,85.74,12.1,2.22,103.61,39,11915,F001,No
VH001,2026-09-11 09:35:00,97.34,12.53,5.27,102.42,100,57407,F000,No
VH005,2026-09-11 09:40:00,91.12,12.06,2.21,109.56,33,45021,F000,No
VH001,2026-09-11 09:45:00,81.46,12.04,7.49,104.82,88,40115,F001,Yes
VH003,2026-09-11 09:50:00,102.27,12.9,5.3,117.38,30,50829,F001,Yes
VH004,2026-09-11 09:55:00,109.66,11.79,3.67,74.76,24,15427,F002,Yes
VH002,2026-09-11 10:00:00,103.42,12.48,2.37,70.73,24,30444,F001,No
VH002,2026-09-11 10:05:00,85.32,12.58,8.91,89.07,27,26885,F001,No
VH005,2026-09-11 10:10:00,88.18,11.74,3.6,61.16,55,39790,F000,No
VH003,2026-09-11 10:15:00,101.38,11.88,1.43,65.96,59,69361,F000,Yes
VH004,2026-09-11 10:20:00,88.76,11.69,1.06,88.19,70,11772,F002,No
VH001,2026-09-11 10:25:00,82.42,11.56,5.56,82.54,47,34107,F000,No
VH005,2026-09-11 10:30:00,96.14,12.86,5.71,68.3,62,26987,F001,No
VH004,2026-09-11 10:35:00,81.74,11.52,1.92,76.63,50,15644,F001,No
VH005,2026-09-11 10:40:00,105.23,12.27,3.32,80.36,21,47426,F001,No
VH001,2026-09-11 10:45:00,106.47,12.85,8.48,110.76,35,16821,F002,Yes
VH004,2026-09-11 10:50:00,91.08,12.6,2.99,67.64,98,33492,F002,No
VH001,2026-09-11 10:55:00,93.73,12.23,2.16,62.86,65,27315,F001,No
VH004,2026-09-11 11:00:00,83.48,12.91,3.54,117.31,53,79702,F000,No
VH005,2026-09-11 11:05:00,102.19,11.65,2.39,80.64,42,93473,F001,Yes
VH001,2026-09-11 11:10:00,91.12,12.15,8.38,115.51,69,30314,F001,Yes
VH001,2026-09-11 11:15:00,85.4,12.11,7.55,98.72,36,25451,F001,No
VH002,2026-09-11 11:20:00,94.77,12.76,1.44,90.85,50,56345,F000,No
VH004,2026-09-11 11:25:00,81.0,11.64,4.77,87.0,64,82468,F000,No
VH004,2026-09-11 11:30:00,100.6,12.28,1.94,95.83,99,95347,F002,No
VH004,2026-09-11 11:35:00,102.17,12.83,2.07,95.74,61,37898,F001,No
VH002,2026-09-11 11:40:00,90.0,12.95,7.85,70.13,45,73718,F001,No
VH002,2026-09-11 11:45:00,97.09,12.02,7.59,60.31,83,87084,F000,No
VH003,2026-09-11 11:50:00,83.89,12.98,3.83,90.51,31,25965,F000,No
VH004,2026-09-11 11:55:00,88.76,12.13,7.65,69.97,45,52528,F000,No
VH005,2026-09-11 12:00:00,80.89,12.51,4.21,61.56,53,76812,F000,No
VH005,2026-09-11 12:05:00,98.18,12.86,7.01,82.83,53,34629,F001,No
VH004,2026-09-11 12:10:00,81.74,11.86,8.32,71.35,78,93453,F001,Yes
VH004,2026-09-11 12:15:00,99.61,12.87,3.35,99.63,58,54921,F001,No
VH001,2026-09-11 12:20:00,105.98,12.32,6.07,90.95,96,20377,F001,No
VH003,2026-09-11 12:25:00,94.34,12.54,4.94,74.28,81,65069,F002,No
VH003,2026-09-11 12:30:00,100.15,12.7,2.86,119.95,43,27780,F000,Yes
VH003,2026-09-11 12:35:00,105.12,12.44,5.58,83.23,86,80505,F000,No
VH002,2026-09-11 12:40:00,82.35,11.73,5.89,112.24,86,81559,F002,Yes
VH004,2026-09-11 12:45:00,107.83,12.24,3.66,108.18,86,97446,F001,Yes
VH003,2026-09-11 12:50:00,90.7,12.35,6.96,98.66,84,54726,F002,No
VH005,2026-09-11 12:55:00,84.14,12.8,7.27,97.27,32,23540,F000,No
VH003,2026-09-11 13:00:00,109.85,11.91,6.43,84.1,85,46877,F001,Yes
VH004,2026-09-11 13:05:00,86.81,12.11,5.35,88.86,86,70146,F000,No
VH002,2026-09-11 13:10:00,82.21,12.2,4.92,107.74,84,61964,F001,No
VH002,2026-09-11 13:15:00,91.02,12.17,8.35,109.78,66,17367,F001,Yes
VH001,2026-09-11 13:20:00,87.5,12.92,2.44,112.42,61,55729,F000,No
VH003,2026-09-11 13:25:00,109.73,12.93,1.93,101.74,87,93150,F000,Yes
VH001,2026-09-11 13:30:00,100.4,11.95,4.0,104.58,44,97125,F002,Yes
VH001,2026-09-11 13:35:00,103.22,11.78,6.14,60.53,37,10190,F001,Yes
VH002,2026-09-11 13:40:00,107.29,11.55,1.26,100.31,43,50563,F000,Yes
VH003,2026-09-11 13:45:00,81.27,12.6,8.89,108.86,91,19559,F002,Yes
VH001,2026-09-11 13:50:00,96.97,12.75,8.29,96.97,91,24172,F002,No
VH002,2026-09-11 13:55:00,105.55,13.0,3.21,118.25,77,40863,F000,Yes
VH004,2026-09-11 14:00:00,101.12,11.69,7.2,100.5,80,16548,F002,Yes
VH004,2026-09-11 14:05:00,83.48,12.73,6.79,78.01,47,88199,F002,No
VH005,2026-09-11 14:10:00,98.02,11.8,3.14,80.67,72,13689,F000,No
VH005,2026-09-11 14:15:00,81.37,12.18,3.5,96.89,60,31508,F000,No
VH005,2026-09-11 14:20:00,99.01,11.53,4.73,112.66,56,10029,F001,Yes
VH002,2026-09-11 14:25:00,87.06,12.69,5.35,105.1,82,11902,F001,No
VH005,2026-09-11 14:30:00,104.96,12.7,2.41,79.42,40,90158,F001,No
VH002,2026-09-11 14:35:00,94.26,12.99,7.69,119.07,52,53056,F000,Yes
VH005,2026-09-11 14:40:00,81.89,12.9,3.87,116.72,100,61234,F002,No
VH003,2026-09-11 14:45:00,103.96,11.94,8.41,66.9,69,58553,F002,Yes
VH001,2026-09-11 14:50:00,96.65,12.01,2.8,89.87,87,70577,F001,No
VH003,2026-09-11 14:55:00,86.67,11.57,8.53,79.82,34,23353,F001,Yes
VH005,2026-09-11 15:00:00,108.37,12.58,4.14,109.01,60,79886,F001,Yes
VH002,2026-09-11 15:05:00,90.51,12.07,7.1,72.73,38,28971,F001,No
VH003,2026-09-11 15:10:00,94.9,12.24,3.89,112.39,55,97200,F002,No
VH001,2026-09-11 15:15:00,88.77,12.71,7.46,85.03,82,34859,F000,No
VH004,2026-09-11 15:20:00,98.84,12.34,5.65,66.47,48,80988,F001,No
VH002,2026-09-11 15:25:00,80.44,12.54,1.9,114.33,59,58932,F001,No
VH002,2026-09-11 15:30:00,92.01,12.24,4.79,74.96,52,86430,F000,No
VH002,2026-09-11 15:35:00,92.53,12.95,2.35,105.68,50,70193,F000,No
VH002,2026-09-11 15:40:00,95.07,12.39,5.79,85.07,52,40818,F002,No
VH002,2026-09-11 15:45:00,105.41,12.27,7.41,66.28,28,22880,F002,Yes
VH003,2026-09-11 15:50:00,89.54,12.99,5.52,76.59,23,67046,F002,No
VH005,2026-09-11 15:55:00,93.92,12.7,2.19,91.94,79,39945,F001,No
VH002,2026-09-11 16:00:00,85.49,12.62,4.77,92.57,85,25908,F002,No
VH002,2026-09-11 16:05:00,80.86,12.68,3.19,61.0,82,70301,F002,No
VH001,2026-09-11 16:10:00,99.81,11.79,8.13,115.57,81,51749,F000,Yes
VH001,2026-09-11 16:15:00,103.14,12.83,5.12,86.62,90,89593,F001,No
VH001,2026-09-11 16:20:00,102.63,12.52,4.48,99.5,63,70786,F000,No
VH001,2026-09-11 16:25:00,103.68,11.68,4.8,75.39,80,35446,F002,Yes
VH003,2026-09-11 16:30:00,87.32,12.18,5.62,86.93,62,43131,F001,No
VH002,2026-09-11 16:35:00,86.56,12.61,7.71,102.99,89,33700,F000,Yes
VH001,2026-09-11 16:40:00,82.45,12.29,7.36,118.56,28,30498,F002,Yes
VH001,2026-09-11 16:45:00,87.67,12.0,3.66,85.73,39,46068,F002,No
VH001,2026-09-11 16:50:00,95.84,12.34,8.76,71.22,38,11596,F000,No
VH003,2026-09-11 16:55:00,83.82,11.66,4.65,89.38,66,10466,F001,No
VH002,2026-09-11 17:00:00,104.78,11.6,7.97,92.66,45,58278,F000,Yes
VH001,2026-09-11 17:05:00,91.24,12.86,6.69,94.66,74,89006,F001,No
VH004,2026-09-11 17:10:00,80.22,12.41,6.94,106.97,88,46488,F002,No
VH004,2026-09-11 17:15:00,108.98,11.62,4.81,117.62,64,65193,F002,Yes
VH004,2026-09-11 17:20:00,82.49,11.54,6.31,89.55,33,71634,F002,No
VH004,2026-09-11 17:25:00,84.07,12.94,3.36,107.83,57,94962,F000,No
VH002,2026-09-11 17:30:00,103.43,11.96,8.42,64.86,85,63540,F001,Yes
VH002,2026-09-11 17:35:00,95.72,12.73,7.4,67.39,34,90161,F001,No
VH004,2026-09-11 17:40:00,90.04,12.51,4.54,99.15,94,69798,F001,No
VH002,2026-09-11 17:45:00,92.75,12.94,4.02,77.11,96,17274,F000,No
VH004,2026-09-11 17:50:00,93.65,12.83,3.95,86.11,35,36255,F002,No
VH002,2026-09-11 17:55:00,102.03,11.62,8.13,115.31,82,92983,F002,Yes
VH003,2026-09-11 18:00:00,89.73,12.93,4.0,107.76,33,13442,F000,No
VH002,2026-09-11 18:05:00,84.19,11.8,2.75,119.98,38,23240,F001,Yes
VH002,2026-09-11 18:10:00,81.35,12.49,4.0,67.42,84,99770,F001,No
VH005,2026-09-11 18:15:00,85.41,12.93,3.77,113.85,25,55059,F001,No
VH005,2026-09-11 18:20:00,87.29,11.99,7.98,95.56,63,16120,F000,Yes
VH002,2026-09-11 18:25:00,99.85,12.98,6.21,72.35,81,68346,F002,No
VH003,2026-09-11 18:30:00,106.46,12.73,6.33,80.6,99,43805,F000,No
VH005,2026-09-11 18:35:00,89.13,11.79,4.89,104.11,33,87917,F000,Yes
VH003,2026-09-11 18:40:00,85.05,12.73,2.11,98.19,64,40817,F002,No
VH002,2026-09-11 18:45:00,84.61,12.94,8.61,90.21,22,64787,F000,No
VH005,2026-09-11 18:50:00,80.13,12.94,1.21,94.54,91,54980,F002,No
VH005,2026-09-11 18:55:00,87.82,12.03,8.54,106.72,50,35616,F002,Yes
VH004,2026-09-11 19:00:00,104.74,11.76,5.14,87.99,78,42226,F000,Yes
VH004,2026-09-11 19:05:00,100.86,12.02,7.8,86.22,70,67092,F000,Yes
VH004,2026-09-11 19:10:00,104.92,11.62,1.36,60.54,91,53507,F001,Yes
VH004,2026-09-11 19:15:00,98.86,11.55,4.83,103.89,50,54784,F001,Yes
VH005,2026-09-11 19:20:00,90.12,12.37,6.1,87.95,66,93381,F002,No
VH005,2026-09-11 19:25:00,93.15,12.71,6.35,75.72,77,57342,F000,No
VH003,2026-09-11 19:30:00,93.43,11.99,1.37,64.61,53,46852,F001,No
VH001,2026-09-11 19:35:00,101.77,12.84,1.99,69.12,49,67220,F000,No
VH005,2026-09-11 19:40:00,94.38,12.6,6.61,81.85,60,16130,F001,No
VH004,2026-09-11 19:45:00,80.46,11.63,5.27,82.51,23,62913,F000,No
VH003,2026-09-11 19:50:00,104.86,12.89,2.99,77.52,33,50471,F001,No
VH002,2026-09-11 19:55:00,101.84,11.61,7.02,64.44,82,55738,F000,Yes
VH004,2026-09-11 20:00:00,93.96,11.78,4.4,98.13,42,74518,F002,No
VH004,2026-09-11 20:05:00,86.37,12.5,7.6,60.17,40,50208,F002,No
VH002,2026-09-11 20:10:00,96.67,12.42,7.1,99.87,53,37051,F002,No
VH002,2026-09-11 20:15:00,103.66,12.92,4.48,101.02,66,34698,F000,Yes
